Id,"Pokemon Form Name","Form Name","Pokemon Id","Introduced In Version Group Id","Is Default","Is Battle Only","Is Mega","Form Order",Order
1,Bulbasaur,,1,1,1,0,0,1,1
2,Ivysaur,,2,1,1,0,0,1,2
3,Venusaur,,3,1,1,0,0,1,3
4,Charmander,,4,1,1,0,0,1,5
5,Charmeleon,,5,1,1,0,0,1,6
6,Charizard,,6,1,1,0,0,1,7
7,Squirtle,,7,1,1,0,0,1,10
8,Wartortle,,8,1,1,0,0,1,11
9,Blastoise,,9,1,1,0,0,1,12
10,Caterpie,,10,1,1,0,0,1,14
11,Metapod,,11,1,1,0,0,1,15
12,Butterfree,,12,1,1,0,0,1,16
13,Weedle,,13,1,1,0,0,1,17
14,Kakuna,,14,1,1,0,0,1,18
15,Beedrill,,15,1,1,0,0,1,19
16,Pidgey,,16,1,1,0,0,1,21
17,Pidgeotto,,17,1,1,0,0,1,22
18,Pidgeot,,18,1,1,0,0,1,23
19,Rattata,,19,1,1,0,0,1,25
20,Raticate,,20,1,1,0,0,1,27
21,Spearow,,21,1,1,0,0,1,30
22,Fearow,,22,1,1,0,0,1,31
23,Ekans,,23,1,1,0,0,1,32
24,Arbok,,24,1,1,0,0,1,33
25,Pikachu,,25,1,1,0,0,1,36
26,Raichu,,26,1,1,0,0,1,52
27,Sandshrew,,27,1,1,0,0,1,54
28,Sandslash,,28,1,1,0,0,1,56
29,"Nidoran F",,29,1,1,0,0,1,58
30,Nidorina,,30,1,1,0,0,1,59
31,Nidoqueen,,31,1,1,0,0,1,60
32,"Nidoran M",,32,1,1,0,0,1,61
33,Nidorino,,33,1,1,0,0,1,62
34,Nidoking,,34,1,1,0,0,1,63
35,Clefairy,,35,1,1,0,0,1,65
36,Clefable,,36,1,1,0,0,1,66
37,Vulpix,,37,1,1,0,0,1,67
38,Ninetales,,38,1,1,0,0,1,69
39,Jigglypuff,,39,1,1,0,0,1,72
40,Wigglytuff,,40,1,1,0,0,1,73
41,Zubat,,41,1,1,0,0,1,74
42,Golbat,,42,1,1,0,0,1,75
43,Oddish,,43,1,1,0,0,1,77
44,Gloom,,44,1,1,0,0,1,78
45,Vileplume,,45,1,1,0,0,1,79
46,Paras,,46,1,1,0,0,1,81
47,Parasect,,47,1,1,0,0,1,82
48,Venonat,,48,1,1,0,0,1,83
49,Venomoth,,49,1,1,0,0,1,84
50,Diglett,,50,1,1,0,0,1,85
51,Dugtrio,,51,1,1,0,0,1,87
52,Meowth,,52,1,1,0,0,1,89
53,Persian,,53,1,1,0,0,1,92
54,Psyduck,,54,1,1,0,0,1,94
55,Golduck,,55,1,1,0,0,1,95
56,Mankey,,56,1,1,0,0,1,96
57,Primeape,,57,1,1,0,0,1,97
58,Growlithe,,58,1,1,0,0,1,98
59,Arcanine,,59,1,1,0,0,1,99
60,Poliwag,,60,1,1,0,0,1,100
61,Poliwhirl,,61,1,1,0,0,1,101
62,Poliwrath,,62,1,1,0,0,1,102
63,Abra,,63,1,1,0,0,1,104
64,Kadabra,,64,1,1,0,0,1,105
65,Alakazam,,65,1,1,0,0,1,106
66,Machop,,66,1,1,0,0,1,108
67,Machoke,,67,1,1,0,0,1,109
68,Machamp,,68,1,1,0,0,1,110
69,Bellsprout,,69,1,1,0,0,1,111
70,Weepinbell,,70,1,1,0,0,1,112
71,Victreebel,,71,1,1,0,0,1,113
72,Tentacool,,72,1,1,0,0,1,114
73,Tentacruel,,73,1,1,0,0,1,115
74,Geodude,,74,1,1,0,0,1,116
75,Graveler,,75,1,1,0,0,1,118
76,Golem,,76,1,1,0,0,1,120
77,Ponyta,,77,1,1,0,0,1,122
78,Rapidash,,78,1,1,0,0,1,124
79,Slowpoke,,79,1,1,0,0,1,126
80,Slowbro,,80,1,1,0,0,1,128
81,Magnemite,,81,1,1,0,0,1,133
82,Magneton,,82,1,1,0,0,1,134
83,Farfetchd,,83,1,1,0,0,1,136
84,Doduo,,84,1,1,0,0,1,138
85,Dodrio,,85,1,1,0,0,1,139
86,Seel,,86,1,1,0,0,1,140
87,Dewgong,,87,1,1,0,0,1,141
88,Grimer,,88,1,1,0,0,1,142
89,Muk,,89,1,1,0,0,1,144
90,Shellder,,90,1,1,0,0,1,146
91,Cloyster,,91,1,1,0,0,1,147
92,Gastly,,92,1,1,0,0,1,148
93,Haunter,,93,1,1,0,0,1,149
94,Gengar,,94,1,1,0,0,1,150
95,Onix,,95,1,1,0,0,1,152
96,Drowzee,,96,1,1,0,0,1,155
97,Hypno,,97,1,1,0,0,1,156
98,Krabby,,98,1,1,0,0,1,157
99,Kingler,,99,1,1,0,0,1,158
100,Voltorb,,100,1,1,0,0,1,159
101,Electrode,,101,1,1,0,0,1,160
102,Exeggcute,,102,1,1,0,0,1,161
103,Exeggutor,,103,1,1,0,0,1,162
104,Cubone,,104,1,1,0,0,1,164
105,Marowak,,105,1,1,0,0,1,165
106,Hitmonlee,,106,1,1,0,0,1,169
107,Hitmonchan,,107,1,1,0,0,1,170
108,Lickitung,,108,1,1,0,0,1,172
109,Koffing,,109,1,1,0,0,1,174
110,Weezing,,110,1,1,0,0,1,175
111,Rhyhorn,,111,1,1,0,0,1,177
112,Rhydon,,112,1,1,0,0,1,178
113,Chansey,,113,1,1,0,0,1,181
114,Tangela,,114,1,1,0,0,1,183
115,Kangaskhan,,115,1,1,0,0,1,185
116,Horsea,,116,1,1,0,0,1,187
117,Seadra,,117,1,1,0,0,1,188
118,Goldeen,,118,1,1,0,0,1,190
119,Seaking,,119,1,1,0,0,1,191
120,Staryu,,120,1,1,0,0,1,192
121,Starmie,,121,1,1,0,0,1,193
122,"Mr Mime",,122,1,1,0,0,1,195
123,Scyther,,123,1,1,0,0,1,197
124,Jynx,,124,1,1,0,0,1,201
125,Electabuzz,,125,1,1,0,0,1,203
126,Magmar,,126,1,1,0,0,1,206
127,Pinsir,,127,1,1,0,0,1,208
128,Tauros,,128,1,1,0,0,1,210
129,Magikarp,,129,1,1,0,0,1,211
130,Gyarados,,130,1,1,0,0,1,212
131,Lapras,,131,1,1,0,0,1,214
132,Ditto,,132,1,1,0,0,1,215
133,Eevee,,133,1,1,0,0,1,216
134,Vaporeon,,134,1,1,0,0,1,218
135,Jolteon,,135,1,1,0,0,1,219
136,Flareon,,136,1,1,0,0,1,220
137,Porygon,,137,1,1,0,0,1,226
138,Omanyte,,138,1,1,0,0,1,229
139,Omastar,,139,1,1,0,0,1,230
140,Kabuto,,140,1,1,0,0,1,231
141,Kabutops,,141,1,1,0,0,1,232
142,Aerodactyl,,142,1,1,0,0,1,233
143,Snorlax,,143,1,1,0,0,1,236
144,Articuno,,144,1,1,0,0,1,237
145,Zapdos,,145,1,1,0,0,1,239
146,Moltres,,146,1,1,0,0,1,241
147,Dratini,,147,1,1,0,0,1,243
148,Dragonair,,148,1,1,0,0,1,244
149,Dragonite,,149,1,1,0,0,1,245
150,Mewtwo,,150,1,1,0,0,1,246
151,Mew,,151,1,1,0,0,1,249
152,Chikorita,,152,3,1,0,0,1,250
153,Bayleef,,153,3,1,0,0,1,251
154,Meganium,,154,3,1,0,0,1,252
155,Cyndaquil,,155,3,1,0,0,1,253
156,Quilava,,156,3,1,0,0,1,254
157,Typhlosion,,157,3,1,0,0,1,255
158,Totodile,,158,3,1,0,0,1,256
159,Croconaw,,159,3,1,0,0,1,257
160,Feraligatr,,160,3,1,0,0,1,258
161,Sentret,,161,3,1,0,0,1,259
162,Furret,,162,3,1,0,0,1,260
163,Hoothoot,,163,3,1,0,0,1,261
164,Noctowl,,164,3,1,0,0,1,262
165,Ledyba,,165,3,1,0,0,1,263
166,Ledian,,166,3,1,0,0,1,264
167,Spinarak,,167,3,1,0,0,1,265
168,Ariados,,168,3,1,0,0,1,266
169,Crobat,,169,3,1,0,0,1,76
170,Chinchou,,170,3,1,0,0,1,267
171,Lanturn,,171,3,1,0,0,1,268
172,Pichu,,172,3,1,0,0,1,34
173,Cleffa,,173,3,1,0,0,1,64
174,Igglybuff,,174,3,1,0,0,1,71
175,Togepi,,175,3,1,0,0,1,269
176,Togetic,,176,3,1,0,0,1,270
177,Natu,,177,3,1,0,0,1,272
178,Xatu,,178,3,1,0,0,1,273
179,Mareep,,179,3,1,0,0,1,274
180,Flaaffy,,180,3,1,0,0,1,275
181,Ampharos,,181,3,1,0,0,1,276
182,Bellossom,,182,3,1,0,0,1,80
183,Marill,,183,3,1,0,0,1,279
184,Azumarill,,184,3,1,0,0,1,280
185,Sudowoodo,,185,3,1,0,0,1,282
186,Politoed,,186,3,1,0,0,1,103
187,Hoppip,,187,3,1,0,0,1,283
188,Skiploom,,188,3,1,0,0,1,284
189,Jumpluff,,189,3,1,0,0,1,285
190,Aipom,,190,3,1,0,0,1,286
191,Sunkern,,191,3,1,0,0,1,288
192,Sunflora,,192,3,1,0,0,1,289
193,Yanma,,193,3,1,0,0,1,290
194,Wooper,,194,3,1,0,0,1,292
195,Quagsire,,195,3,1,0,0,1,293
196,Espeon,,196,3,1,0,0,1,221
197,Umbreon,,197,3,1,0,0,1,222
198,Murkrow,,198,3,1,0,0,1,294
199,Slowking,,199,3,1,0,0,1,131
200,Misdreavus,,200,3,1,0,0,1,296
201,"Unown A",A,201,3,1,0,0,1,298
202,Wobbuffet,,202,3,1,0,0,1,327
203,Girafarig,,203,3,1,0,0,1,328
204,Pineco,,204,3,1,0,0,1,329
205,Forretress,,205,3,1,0,0,1,330
206,Dunsparce,,206,3,1,0,0,1,331
207,Gligar,,207,3,1,0,0,1,332
208,Steelix,,208,3,1,0,0,1,153
209,Snubbull,,209,3,1,0,0,1,334
210,Granbull,,210,3,1,0,0,1,335
211,Qwilfish,,211,3,1,0,0,1,336
212,Scizor,,212,3,1,0,0,1,198
213,Shuckle,,213,3,1,0,0,1,337
214,Heracross,,214,3,1,0,0,1,338
215,Sneasel,,215,3,1,0,0,1,340
216,Teddiursa,,216,3,1,0,0,1,342
217,Ursaring,,217,3,1,0,0,1,343
218,Slugma,,218,3,1,0,0,1,344
219,Magcargo,,219,3,1,0,0,1,345
220,Swinub,,220,3,1,0,0,1,346
221,Piloswine,,221,3,1,0,0,1,347
222,Corsola,,222,3,1,0,0,1,349
223,Remoraid,,223,3,1,0,0,1,351
224,Octillery,,224,3,1,0,0,1,352
225,Delibird,,225,3,1,0,0,1,353
226,Mantine,,226,3,1,0,0,1,355
227,Skarmory,,227,3,1,0,0,1,356
228,Houndour,,228,3,1,0,0,1,357
229,Houndoom,,229,3,1,0,0,1,358
230,Kingdra,,230,3,1,0,0,1,189
231,Phanpy,,231,3,1,0,0,1,360
232,Donphan,,232,3,1,0,0,1,361
233,Porygon2,,233,3,1,0,0,1,227
234,Stantler,,234,3,1,0,0,1,362
235,Smeargle,,235,3,1,0,0,1,363
236,Tyrogue,,236,3,1,0,0,1,168
237,Hitmontop,,237,3,1,0,0,1,171
238,Smoochum,,238,3,1,0,0,1,200
239,Elekid,,239,3,1,0,0,1,202
240,Magby,,240,3,1,0,0,1,205
241,Miltank,,241,3,1,0,0,1,364
242,Blissey,,242,3,1,0,0,1,182
243,Raikou,,243,3,1,0,0,1,365
244,Entei,,244,3,1,0,0,1,366
245,Suicune,,245,3,1,0,0,1,367
246,Larvitar,,246,3,1,0,0,1,368
247,Pupitar,,247,3,1,0,0,1,369
248,Tyranitar,,248,3,1,0,0,1,370
249,Lugia,,249,3,1,0,0,1,372
250,"Ho Oh",,250,3,1,0,0,1,373
251,Celebi,,251,3,1,0,0,1,374
252,Treecko,,252,5,1,0,0,1,375
253,Grovyle,,253,5,1,0,0,1,376
254,Sceptile,,254,5,1,0,0,1,377
255,Torchic,,255,5,1,0,0,1,379
256,Combusken,,256,5,1,0,0,1,380
257,Blaziken,,257,5,1,0,0,1,381
258,Mudkip,,258,5,1,0,0,1,383
259,Marshtomp,,259,5,1,0,0,1,384
260,Swampert,,260,5,1,0,0,1,385
261,Poochyena,,261,5,1,0,0,1,387
262,Mightyena,,262,5,1,0,0,1,388
263,Zigzagoon,,263,5,1,0,0,1,389
264,Linoone,,264,5,1,0,0,1,391
265,Wurmple,,265,5,1,0,0,1,393
266,Silcoon,,266,5,1,0,0,1,394
267,Beautifly,,267,5,1,0,0,1,395
268,Cascoon,,268,5,1,0,0,1,396
269,Dustox,,269,5,1,0,0,1,397
270,Lotad,,270,5,1,0,0,1,398
271,Lombre,,271,5,1,0,0,1,399
272,Ludicolo,,272,5,1,0,0,1,400
273,Seedot,,273,5,1,0,0,1,401
274,Nuzleaf,,274,5,1,0,0,1,402
275,Shiftry,,275,5,1,0,0,1,403
276,Taillow,,276,5,1,0,0,1,404
277,Swellow,,277,5,1,0,0,1,405
278,Wingull,,278,5,1,0,0,1,406
279,Pelipper,,279,5,1,0,0,1,407
280,Ralts,,280,5,1,0,0,1,408
281,Kirlia,,281,5,1,0,0,1,409
282,Gardevoir,,282,5,1,0,0,1,410
283,Surskit,,283,5,1,0,0,1,414
284,Masquerain,,284,5,1,0,0,1,415
285,Shroomish,,285,5,1,0,0,1,416
286,Breloom,,286,5,1,0,0,1,417
287,Slakoth,,287,5,1,0,0,1,418
288,Vigoroth,,288,5,1,0,0,1,419
289,Slaking,,289,5,1,0,0,1,420
290,Nincada,,290,5,1,0,0,1,421
291,Ninjask,,291,5,1,0,0,1,422
292,Shedinja,,292,5,1,0,0,1,423
293,Whismur,,293,5,1,0,0,1,424
294,Loudred,,294,5,1,0,0,1,425
295,Exploud,,295,5,1,0,0,1,426
296,Makuhita,,296,5,1,0,0,1,427
297,Hariyama,,297,5,1,0,0,1,428
298,Azurill,,298,5,1,0,0,1,278
299,Nosepass,,299,5,1,0,0,1,429
300,Skitty,,300,5,1,0,0,1,431
301,Delcatty,,301,5,1,0,0,1,432
302,Sableye,,302,5,1,0,0,1,433
303,Mawile,,303,5,1,0,0,1,435
304,Aron,,304,5,1,0,0,1,437
305,Lairon,,305,5,1,0,0,1,438
306,Aggron,,306,5,1,0,0,1,439
307,Meditite,,307,5,1,0,0,1,441
308,Medicham,,308,5,1,0,0,1,442
309,Electrike,,309,5,1,0,0,1,444
310,Manectric,,310,5,1,0,0,1,445
311,Plusle,,311,5,1,0,0,1,447
312,Minun,,312,5,1,0,0,1,448
313,Volbeat,,313,5,1,0,0,1,449
314,Illumise,,314,5,1,0,0,1,450
315,Roselia,,315,5,1,0,0,1,452
316,Gulpin,,316,5,1,0,0,1,454
317,Swalot,,317,5,1,0,0,1,455
318,Carvanha,,318,5,1,0,0,1,456
319,Sharpedo,,319,5,1,0,0,1,457
320,Wailmer,,320,5,1,0,0,1,459
321,Wailord,,321,5,1,0,0,1,460
322,Numel,,322,5,1,0,0,1,461
323,Camerupt,,323,5,1,0,0,1,462
324,Torkoal,,324,5,1,0,0,1,464
325,Spoink,,325,5,1,0,0,1,465
326,Grumpig,,326,5,1,0,0,1,466
327,Spinda,,327,5,1,0,0,1,467
328,Trapinch,,328,5,1,0,0,1,468
329,Vibrava,,329,5,1,0,0,1,469
330,Flygon,,330,5,1,0,0,1,470
331,Cacnea,,331,5,1,0,0,1,471
332,Cacturne,,332,5,1,0,0,1,472
333,Swablu,,333,5,1,0,0,1,473
334,Altaria,,334,5,1,0,0,1,474
335,Zangoose,,335,5,1,0,0,1,476
336,Seviper,,336,5,1,0,0,1,477
337,Lunatone,,337,5,1,0,0,1,478
338,Solrock,,338,5,1,0,0,1,479
339,Barboach,,339,5,1,0,0,1,480
340,Whiscash,,340,5,1,0,0,1,481
341,Corphish,,341,5,1,0,0,1,482
342,Crawdaunt,,342,5,1,0,0,1,483
343,Baltoy,,343,5,1,0,0,1,484
344,Claydol,,344,5,1,0,0,1,485
345,Lileep,,345,5,1,0,0,1,486
346,Cradily,,346,5,1,0,0,1,487
347,Anorith,,347,5,1,0,0,1,488
348,Armaldo,,348,5,1,0,0,1,489
349,Feebas,,349,5,1,0,0,1,490
350,Milotic,,350,5,1,0,0,1,491
351,Castform,,351,5,1,0,0,1,492
352,Kecleon,,352,5,1,0,0,1,496
353,Shuppet,,353,5,1,0,0,1,497
354,Banette,,354,5,1,0,0,1,498
355,Duskull,,355,5,1,0,0,1,500
356,Dusclops,,356,5,1,0,0,1,501
357,Tropius,,357,5,1,0,0,1,503
358,Chimecho,,358,5,1,0,0,1,505
359,Absol,,359,5,1,0,0,1,506
360,Wynaut,,360,5,1,0,0,1,326
361,Snorunt,,361,5,1,0,0,1,508
362,Glalie,,362,5,1,0,0,1,509
363,Spheal,,363,5,1,0,0,1,512
364,Sealeo,,364,5,1,0,0,1,513
365,Walrein,,365,5,1,0,0,1,514
366,Clamperl,,366,5,1,0,0,1,515
367,Huntail,,367,5,1,0,0,1,516
368,Gorebyss,,368,5,1,0,0,1,517
369,Relicanth,,369,5,1,0,0,1,518
370,Luvdisc,,370,5,1,0,0,1,519
371,Bagon,,371,5,1,0,0,1,520
372,Shelgon,,372,5,1,0,0,1,521
373,Salamence,,373,5,1,0,0,1,522
374,Beldum,,374,5,1,0,0,1,524
375,Metang,,375,5,1,0,0,1,525
376,Metagross,,376,5,1,0,0,1,526
377,Regirock,,377,5,1,0,0,1,528
378,Regice,,378,5,1,0,0,1,529
379,Registeel,,379,5,1,0,0,1,530
380,Latias,,380,5,1,0,0,1,531
381,Latios,,381,5,1,0,0,1,533
382,Kyogre,,382,5,1,0,0,1,535
383,Groudon,,383,5,1,0,0,1,537
384,Rayquaza,,384,5,1,0,0,1,539
385,Jirachi,,385,5,1,0,0,1,541
386,"Deoxys Normal",Normal,386,5,1,0,0,1,542
387,Turtwig,,387,8,1,0,0,1,546
388,Grotle,,388,8,1,0,0,1,547
389,Torterra,,389,8,1,0,0,1,548
390,Chimchar,,390,8,1,0,0,1,549
391,Monferno,,391,8,1,0,0,1,550
392,Infernape,,392,8,1,0,0,1,551
393,Piplup,,393,8,1,0,0,1,552
394,Prinplup,,394,8,1,0,0,1,553
395,Empoleon,,395,8,1,0,0,1,554
396,Starly,,396,8,1,0,0,1,555
397,Staravia,,397,8,1,0,0,1,556
398,Staraptor,,398,8,1,0,0,1,557
399,Bidoof,,399,8,1,0,0,1,558
400,Bibarel,,400,8,1,0,0,1,559
401,Kricketot,,401,8,1,0,0,1,560
402,Kricketune,,402,8,1,0,0,1,561
403,Shinx,,403,8,1,0,0,1,562
404,Luxio,,404,8,1,0,0,1,563
405,Luxray,,405,8,1,0,0,1,564
406,Budew,,406,8,1,0,0,1,451
407,Roserade,,407,8,1,0,0,1,453
408,Cranidos,,408,8,1,0,0,1,565
409,Rampardos,,409,8,1,0,0,1,566
410,Shieldon,,410,8,1,0,0,1,567
411,Bastiodon,,411,8,1,0,0,1,568
412,"Burmy Plant",Plant,412,8,1,0,0,1,569
413,"Wormadam Plant",Plant,413,8,1,0,0,1,572
414,"Mothim Plant",Plant,414,8,1,0,0,1,575
415,Combee,,415,8,1,0,0,1,578
416,Vespiquen,,416,8,1,0,0,1,579
417,Pachirisu,,417,8,1,0,0,1,580
418,Buizel,,418,8,1,0,0,1,581
419,Floatzel,,419,8,1,0,0,1,582
420,Cherubi,,420,8,1,0,0,1,583
421,"Cherrim Overcast",Overcast,421,8,1,0,0,1,584
422,"Shellos West",West,422,8,1,0,0,1,586
423,"Gastrodon West",West,423,8,1,0,0,1,588
424,Ambipom,,424,8,1,0,0,1,287
425,Drifloon,,425,8,1,0,0,1,590
426,Drifblim,,426,8,1,0,0,1,591
427,Buneary,,427,8,1,0,0,1,592
428,Lopunny,,428,8,1,0,0,1,593
429,Mismagius,,429,8,1,0,0,1,297
430,Honchkrow,,430,8,1,0,0,1,295
431,Glameow,,431,8,1,0,0,1,595
432,Purugly,,432,8,1,0,0,1,596
433,Chingling,,433,8,1,0,0,1,504
434,Stunky,,434,8,1,0,0,1,597
435,Skuntank,,435,8,1,0,0,1,598
436,Bronzor,,436,8,1,0,0,1,599
437,Bronzong,,437,8,1,0,0,1,600
438,Bonsly,,438,8,1,0,0,1,281
439,"Mime Jr",,439,8,1,0,0,1,194
440,Happiny,,440,8,1,0,0,1,180
441,Chatot,,441,8,1,0,0,1,601
442,Spiritomb,,442,8,1,0,0,1,602
443,Gible,,443,8,1,0,0,1,603
444,Gabite,,444,8,1,0,0,1,604
445,Garchomp,,445,8,1,0,0,1,605
446,Munchlax,,446,8,1,0,0,1,235
447,Riolu,,447,8,1,0,0,1,607
448,Lucario,,448,8,1,0,0,1,608
449,Hippopotas,,449,8,1,0,0,1,610
450,Hippowdon,,450,8,1,0,0,1,611
451,Skorupi,,451,8,1,0,0,1,612
452,Drapion,,452,8,1,0,0,1,613
453,Croagunk,,453,8,1,0,0,1,614
454,Toxicroak,,454,8,1,0,0,1,615
455,Carnivine,,455,8,1,0,0,1,616
456,Finneon,,456,8,1,0,0,1,617
457,Lumineon,,457,8,1,0,0,1,618
458,Mantyke,,458,8,1,0,0,1,354
459,Snover,,459,8,1,0,0,1,619
460,Abomasnow,,460,8,1,0,0,1,620
461,Weavile,,461,8,1,0,0,1,341
462,Magnezone,,462,8,1,0,0,1,135
463,Lickilicky,,463,8,1,0,0,1,173
464,Rhyperior,,464,8,1,0,0,1,179
465,Tangrowth,,465,8,1,0,0,1,184
466,Electivire,,466,8,1,0,0,1,204
467,Magmortar,,467,8,1,0,0,1,207
468,Togekiss,,468,8,1,0,0,1,271
469,Yanmega,,469,8,1,0,0,1,291
470,Leafeon,,470,8,1,0,0,1,223
471,Glaceon,,471,8,1,0,0,1,224
472,Gliscor,,472,8,1,0,0,1,333
473,Mamoswine,,473,8,1,0,0,1,348
474,"Porygon Z",,474,8,1,0,0,1,228
475,Gallade,,475,8,1,0,0,1,412
476,Probopass,,476,8,1,0,0,1,430
477,Dusknoir,,477,8,1,0,0,1,502
478,Froslass,,478,8,1,0,0,1,511
479,Rotom,,479,8,1,0,0,1,622
480,Uxie,,480,8,1,0,0,1,628
481,Mesprit,,481,8,1,0,0,1,629
482,Azelf,,482,8,1,0,0,1,630
483,Dialga,,483,8,1,0,0,1,631
484,Palkia,,484,8,1,0,0,1,632
485,Heatran,,485,8,1,0,0,1,633
486,Regigigas,,486,8,1,0,0,1,634
487,"Giratina Altered",Altered,487,8,1,0,0,1,635
488,Cresselia,,488,8,1,0,0,1,637
489,Phione,,489,8,1,0,0,1,638
490,Manaphy,,490,8,1,0,0,1,639
491,Darkrai,,491,8,1,0,0,1,640
492,"Shaymin Land",Land,492,8,1,0,0,1,641
493,"Arceus Normal",Normal,493,8,1,0,0,1,643
494,Victini,,494,11,1,0,0,1,662
495,Snivy,,495,11,1,0,0,1,663
496,Servine,,496,11,1,0,0,1,664
497,Serperior,,497,11,1,0,0,1,665
498,Tepig,,498,11,1,0,0,1,666
499,Pignite,,499,11,1,0,0,1,667
500,Emboar,,500,11,1,0,0,1,668
501,Oshawott,,501,11,1,0,0,1,669
502,Dewott,,502,11,1,0,0,1,670
503,Samurott,,503,11,1,0,0,1,671
504,Patrat,,504,11,1,0,0,1,672
505,Watchog,,505,11,1,0,0,1,673
506,Lillipup,,506,11,1,0,0,1,674
507,Herdier,,507,11,1,0,0,1,675
508,Stoutland,,508,11,1,0,0,1,676
509,Purrloin,,509,11,1,0,0,1,677
510,Liepard,,510,11,1,0,0,1,678
511,Pansage,,511,11,1,0,0,1,679
512,Simisage,,512,11,1,0,0,1,680
513,Pansear,,513,11,1,0,0,1,681
514,Simisear,,514,11,1,0,0,1,682
515,Panpour,,515,11,1,0,0,1,683
516,Simipour,,516,11,1,0,0,1,684
517,Munna,,517,11,1,0,0,1,685
518,Musharna,,518,11,1,0,0,1,686
519,Pidove,,519,11,1,0,0,1,687
520,Tranquill,,520,11,1,0,0,1,688
521,Unfezant,,521,11,1,0,0,1,689
522,Blitzle,,522,11,1,0,0,1,690
523,Zebstrika,,523,11,1,0,0,1,691
524,Roggenrola,,524,11,1,0,0,1,692
525,Boldore,,525,11,1,0,0,1,693
526,Gigalith,,526,11,1,0,0,1,694
527,Woobat,,527,11,1,0,0,1,695
528,Swoobat,,528,11,1,0,0,1,696
529,Drilbur,,529,11,1,0,0,1,697
530,Excadrill,,530,11,1,0,0,1,698
531,Audino,,531,11,1,0,0,1,699
532,Timburr,,532,11,1,0,0,1,701
533,Gurdurr,,533,11,1,0,0,1,702
534,Conkeldurr,,534,11,1,0,0,1,703
535,Tympole,,535,11,1,0,0,1,704
536,Palpitoad,,536,11,1,0,0,1,705
537,Seismitoad,,537,11,1,0,0,1,706
538,Throh,,538,11,1,0,0,1,707
539,Sawk,,539,11,1,0,0,1,708
540,Sewaddle,,540,11,1,0,0,1,709
541,Swadloon,,541,11,1,0,0,1,710
542,Leavanny,,542,11,1,0,0,1,711
543,Venipede,,543,11,1,0,0,1,712
544,Whirlipede,,544,11,1,0,0,1,713
545,Scolipede,,545,11,1,0,0,1,714
546,Cottonee,,546,11,1,0,0,1,715
547,Whimsicott,,547,11,1,0,0,1,716
548,Petilil,,548,11,1,0,0,1,717
549,Lilligant,,549,11,1,0,0,1,718
550,"Basculin Red Striped","Red Striped",550,11,1,0,0,1,719
551,Sandile,,551,11,1,0,0,1,721
552,Krokorok,,552,11,1,0,0,1,722
553,Krookodile,,553,11,1,0,0,1,723
554,Darumaka,,554,11,1,0,0,1,724
555,"Darmanitan Standard",Standard,555,11,1,0,0,1,726
556,Maractus,,556,11,1,0,0,1,730
557,Dwebble,,557,11,1,0,0,1,731
558,Crustle,,558,11,1,0,0,1,732
559,Scraggy,,559,11,1,0,0,1,733
560,Scrafty,,560,11,1,0,0,1,734
561,Sigilyph,,561,11,1,0,0,1,735
562,Yamask,,562,11,1,0,0,1,736
563,Cofagrigus,,563,11,1,0,0,1,738
564,Tirtouga,,564,11,1,0,0,1,739
565,Carracosta,,565,11,1,0,0,1,740
566,Archen,,566,11,1,0,0,1,741
567,Archeops,,567,11,1,0,0,1,742
568,Trubbish,,568,11,1,0,0,1,743
569,Garbodor,,569,11,1,0,0,1,744
570,Zorua,,570,11,1,0,0,1,745
571,Zoroark,,571,11,1,0,0,1,746
572,Minccino,,572,11,1,0,0,1,747
573,Cinccino,,573,11,1,0,0,1,748
574,Gothita,,574,11,1,0,0,1,749
575,Gothorita,,575,11,1,0,0,1,750
576,Gothitelle,,576,11,1,0,0,1,751
577,Solosis,,577,11,1,0,0,1,752
578,Duosion,,578,11,1,0,0,1,753
579,Reuniclus,,579,11,1,0,0,1,754
580,Ducklett,,580,11,1,0,0,1,755
581,Swanna,,581,11,1,0,0,1,756
582,Vanillite,,582,11,1,0,0,1,757
583,Vanillish,,583,11,1,0,0,1,758
584,Vanilluxe,,584,11,1,0,0,1,759
585,"Deerling Spring",Spring,585,11,1,0,0,1,760
586,"Sawsbuck Spring",Spring,586,11,1,0,0,1,764
587,Emolga,,587,11,1,0,0,1,768
588,Karrablast,,588,11,1,0,0,1,769
589,Escavalier,,589,11,1,0,0,1,770
590,Foongus,,590,11,1,0,0,1,771
591,Amoonguss,,591,11,1,0,0,1,772
592,Frillish,,592,11,1,0,0,1,773
593,Jellicent,,593,11,1,0,0,1,774
594,Alomomola,,594,11,1,0,0,1,775
595,Joltik,,595,11,1,0,0,1,776
596,Galvantula,,596,11,1,0,0,1,777
597,Ferroseed,,597,11,1,0,0,1,778
598,Ferrothorn,,598,11,1,0,0,1,779
599,Klink,,599,11,1,0,0,1,780
600,Klang,,600,11,1,0,0,1,781
601,Klinklang,,601,11,1,0,0,1,782
602,Tynamo,,602,11,1,0,0,1,783
603,Eelektrik,,603,11,1,0,0,1,784
604,Eelektross,,604,11,1,0,0,1,785
605,Elgyem,,605,11,1,0,0,1,786
606,Beheeyem,,606,11,1,0,0,1,787
607,Litwick,,607,11,1,0,0,1,788
608,Lampent,,608,11,1,0,0,1,789
609,Chandelure,,609,11,1,0,0,1,790
610,Axew,,610,11,1,0,0,1,791
611,Fraxure,,611,11,1,0,0,1,792
612,Haxorus,,612,11,1,0,0,1,793
613,Cubchoo,,613,11,1,0,0,1,794
614,Beartic,,614,11,1,0,0,1,795
615,Cryogonal,,615,11,1,0,0,1,796
616,Shelmet,,616,11,1,0,0,1,797
617,Accelgor,,617,11,1,0,0,1,798
618,Stunfisk,,618,11,1,0,0,1,799
619,Mienfoo,,619,11,1,0,0,1,801
620,Mienshao,,620,11,1,0,0,1,802
621,Druddigon,,621,11,1,0,0,1,803
622,Golett,,622,11,1,0,0,1,804
623,Golurk,,623,11,1,0,0,1,805
624,Pawniard,,624,11,1,0,0,1,806
625,Bisharp,,625,11,1,0,0,1,807
626,Bouffalant,,626,11,1,0,0,1,808
627,Rufflet,,627,11,1,0,0,1,809
628,Braviary,,628,11,1,0,0,1,810
629,Vullaby,,629,11,1,0,0,1,811
630,Mandibuzz,,630,11,1,0,0,1,812
631,Heatmor,,631,11,1,0,0,1,813
632,Durant,,632,11,1,0,0,1,814
633,Deino,,633,11,1,0,0,1,815
634,Zweilous,,634,11,1,0,0,1,816
635,Hydreigon,,635,11,1,0,0,1,817
636,Larvesta,,636,11,1,0,0,1,818
637,Volcarona,,637,11,1,0,0,1,819
638,Cobalion,,638,11,1,0,0,1,820
639,Terrakion,,639,11,1,0,0,1,821
640,Virizion,,640,11,1,0,0,1,822
641,"Tornadus Incarnate",Incarnate,641,11,1,0,0,1,823
642,"Thundurus Incarnate",Incarnate,642,11,1,0,0,1,825
643,Reshiram,,643,11,1,0,0,1,827
644,Zekrom,,644,11,1,0,0,1,828
645,"Landorus Incarnate",Incarnate,645,11,1,0,0,1,829
646,Kyurem,,646,11,1,0,0,1,831
647,"Keldeo Ordinary",Ordinary,647,11,1,0,0,1,834
648,"Meloetta Aria",Aria,648,11,1,0,0,1,836
649,Genesect,,649,11,1,0,0,1,838
650,Chespin,,650,15,1,0,0,1,843
651,Quilladin,,651,15,1,0,0,1,844
652,Chesnaught,,652,15,1,0,0,1,845
653,Fennekin,,653,15,1,0,0,1,846
654,Braixen,,654,15,1,0,0,1,847
655,Delphox,,655,15,1,0,0,1,848
656,Froakie,,656,15,1,0,0,1,849
657,Frogadier,,657,15,1,0,0,1,850
658,Greninja,,658,15,1,0,0,1,851
659,Bunnelby,,659,15,1,0,0,1,854
660,Diggersby,,660,15,1,0,0,1,855
661,Fletchling,,661,15,1,0,0,1,856
662,Fletchinder,,662,15,1,0,0,1,857
663,Talonflame,,663,15,1,0,0,1,858
664,"Scatterbug Icy Snow","Icy Snow",664,15,1,0,0,1,859
665,"Spewpa Icy Snow","Icy Snow",665,15,1,0,0,1,879
666,"Vivillon Meadow",Meadow,666,15,1,0,0,7,905
667,Litleo,,667,15,1,0,0,1,919
668,Pyroar,,668,15,1,0,0,1,920
669,"Flabebe Red",Red,669,15,1,0,0,1,921
670,"Floette Red",Red,670,15,1,0,0,1,926
671,"Florges Red",Red,671,15,1,0,0,1,932
672,Skiddo,,672,15,1,0,0,1,937
673,Gogoat,,673,15,1,0,0,1,938
674,Pancham,,674,15,1,0,0,1,939
675,Pangoro,,675,15,1,0,0,1,940
676,"Furfrou Natural",Natural,676,15,1,0,0,1,941
677,Espurr,,677,15,1,0,0,1,951
678,"Meowstic Male",Male,678,15,1,0,0,1,952
679,Honedge,,679,15,1,0,0,1,954
680,Doublade,,680,15,1,0,0,1,955
681,"Aegislash Shield",Shield,681,15,1,0,0,1,956
682,Spritzee,,682,15,1,0,0,1,958
683,Aromatisse,,683,15,1,0,0,1,959
684,Swirlix,,684,15,1,0,0,1,960
685,Slurpuff,,685,15,1,0,0,1,961
686,Inkay,,686,15,1,0,0,1,962
687,Malamar,,687,15,1,0,0,1,963
688,Binacle,,688,15,1,0,0,1,964
689,Barbaracle,,689,15,1,0,0,1,965
690,Skrelp,,690,15,1,0,0,1,966
691,Dragalge,,691,15,1,0,0,1,967
692,Clauncher,,692,15,1,0,0,1,968
693,Clawitzer,,693,15,1,0,0,1,969
694,Helioptile,,694,15,1,0,0,1,970
695,Heliolisk,,695,15,1,0,0,1,971
696,Tyrunt,,696,15,1,0,0,1,972
697,Tyrantrum,,697,15,1,0,0,1,973
698,Amaura,,698,15,1,0,0,1,974
699,Aurorus,,699,15,1,0,0,1,975
700,Sylveon,,700,15,1,0,0,1,225
701,Hawlucha,,701,15,1,0,0,1,976
702,Dedenne,,702,15,1,0,0,1,977
703,Carbink,,703,15,1,0,0,1,978
704,Goomy,,704,15,1,0,0,1,979
705,Sliggoo,,705,15,1,0,0,1,980
706,Goodra,,706,15,1,0,0,1,981
707,Klefki,,707,15,1,0,0,1,982
708,Phantump,,708,15,1,0,0,1,983
709,Trevenant,,709,15,1,0,0,1,984
710,"Pumpkaboo Average",Average,710,15,1,0,0,1,985
711,"Gourgeist Average",Average,711,15,1,0,0,1,989
712,Bergmite,,712,15,1,0,0,1,993
713,Avalugg,,713,15,1,0,0,1,994
714,Noibat,,714,15,1,0,0,1,995
715,Noivern,,715,15,1,0,0,1,996
716,"Xerneas Active",Active,716,15,0,1,0,2,998
717,Yveltal,,717,15,1,0,0,1,999
718,"Zygarde 50",50,718,15,1,0,0,1,1000
719,Diancie,,719,15,1,0,0,1,1005
720,Hoopa,Confined,720,15,1,0,0,1,1007
721,Volcanion,,721,15,1,0,0,1,1009
722,Rowlet,,722,17,1,0,0,1,1010
723,Dartrix,,723,17,1,0,0,1,1011
724,Decidueye,,724,17,1,0,0,1,1012
725,Litten,,725,17,1,0,0,1,1013
726,Torracat,,726,17,1,0,0,1,1014
727,Incineroar,,727,17,1,0,0,1,1015
728,Popplio,,728,17,1,0,0,1,1016
729,Brionne,,729,17,1,0,0,1,1017
730,Primarina,,730,17,1,0,0,1,1018
731,Pikipek,,731,17,1,0,0,1,1019
732,Trumbeak,,732,17,1,0,0,1,1020
733,Toucannon,,733,17,1,0,0,1,1021
734,Yungoos,,734,17,1,0,0,1,1022
735,Gumshoos,,735,17,1,0,0,1,1023
736,Grubbin,,736,17,1,0,0,1,1025
737,Charjabug,,737,17,1,0,0,1,1026
738,Vikavolt,,738,17,1,0,0,1,1027
739,Crabrawler,,739,17,1,0,0,1,1029
740,Crabominable,,740,17,1,0,0,1,1030
741,"Oricorio Baile",Baile,741,17,1,0,0,1,1031
742,Cutiefly,,742,17,1,0,0,1,1035
743,Ribombee,,743,17,1,0,0,1,1036
744,Rockruff,,744,17,1,0,0,1,1038
745,"Lycanroc Midday",Midday,745,17,1,0,0,1,1040
746,"Wishiwashi Solo",Solo,746,17,1,0,0,1,1043
747,Mareanie,,747,17,1,0,0,1,1045
748,Toxapex,,748,17,1,0,0,1,1046
749,Mudbray,,749,17,1,0,0,1,1047
750,Mudsdale,,750,17,1,0,0,1,1048
751,Dewpider,,751,17,1,0,0,1,1049
752,Araquanid,,752,17,1,0,0,1,1050
753,Fomantis,,753,17,1,0,0,1,1052
754,Lurantis,,754,17,1,0,0,1,1053
755,Morelull,,755,17,1,0,0,1,1055
756,Shiinotic,,756,17,1,0,0,1,1056
757,Salandit,,757,17,1,0,0,1,1057
758,Salazzle,,758,17,1,0,0,1,1058
759,Stufful,,759,17,1,0,0,1,1060
760,Bewear,,760,17,1,0,0,1,1061
761,Bounsweet,,761,17,1,0,0,1,1062
762,Steenee,,762,17,1,0,0,1,1063
763,Tsareena,,763,17,1,0,0,1,1064
764,Comfey,,764,17,1,0,0,1,1065
765,Oranguru,,765,17,1,0,0,1,1066
766,Passimian,,766,17,1,0,0,1,1067
767,Wimpod,,767,17,1,0,0,1,1068
768,Golisopod,,768,17,1,0,0,1,1069
769,Sandygast,,769,17,1,0,0,1,1070
770,Palossand,,770,17,1,0,0,1,1071
771,Pyukumuku,,771,17,1,0,0,1,1072
772,"Type Null",,772,17,1,0,0,1,1073
773,"Silvally Normal",Normal,773,17,1,0,0,1,1074
774,"Minior Red Meteor","Red Meteor",774,17,1,0,0,1,1092
775,Komala,,775,17,1,0,0,1,1106
776,Turtonator,,776,17,1,0,0,1,1107
777,Togedemaru,,777,17,1,0,0,1,1108
778,"Mimikyu Disguised",Disguised,778,17,1,0,0,1,1110
779,Bruxish,,779,17,1,0,0,1,1114
780,Drampa,,780,17,1,0,0,1,1115
781,Dhelmise,,781,17,1,0,0,1,1116
782,"Jangmo O",,782,17,1,0,0,1,1117
783,"Hakamo O",,783,17,1,0,0,1,1118
784,"Kommo O",,784,17,1,0,0,1,1119
785,"Tapu Koko",,785,17,1,0,0,1,1121
786,"Tapu Lele",,786,17,1,0,0,1,1122
787,"Tapu Bulu",,787,17,1,0,0,1,1123
788,"Tapu Fini",,788,17,1,0,0,1,1124
789,Cosmog,,789,17,1,0,0,1,1125
790,Cosmoem,,790,17,1,0,0,1,1126
791,Solgaleo,,791,17,1,0,0,1,1127
792,Lunala,,792,17,1,0,0,1,1128
793,Nihilego,,793,17,1,0,0,1,1129
794,Buzzwole,,794,17,1,0,0,1,1130
795,Pheromosa,,795,17,1,0,0,1,1131
796,Xurkitree,,796,17,1,0,0,1,1132
797,Celesteela,,797,17,1,0,0,1,1133
798,Kartana,,798,17,1,0,0,1,1134
799,Guzzlord,,799,17,1,0,0,1,1135
800,Necrozma,,800,17,1,0,0,1,1136
801,Magearna,,801,17,1,0,0,1,1140
802,Marshadow,,802,17,1,0,0,1,1142
803,Poipole,,803,18,1,0,0,1,1143
804,Naganadel,,804,18,1,0,0,1,1144
805,Stakataka,,805,18,1,0,0,1,1145
806,Blacephalon,,806,18,1,0,0,1,1146
807,Zeraora,,807,18,1,0,0,1,1147
808,Meltan,,808,19,1,0,0,1,1148
809,Melmetal,,809,19,1,0,0,1,1149
810,Grookey,,810,20,1,0,0,1,1150
811,Thwackey,,811,20,1,0,0,1,1151
812,Rillaboom,,812,20,1,0,0,1,1152
813,Scorbunny,,813,20,1,0,0,1,1153
814,Raboot,,814,20,1,0,0,1,1154
815,Cinderace,,815,20,1,0,0,1,1155
816,Sobble,,816,20,1,0,0,1,1156
817,Drizzile,,817,20,1,0,0,1,1157
818,Inteleon,,818,20,1,0,0,1,1158
819,Skwovet,,819,20,1,0,0,1,1159
820,Greedent,,820,20,1,0,0,1,1160
821,Rookidee,,821,20,1,0,0,1,1161
822,Corvisquire,,822,20,1,0,0,1,1162
823,Corviknight,,823,20,1,0,0,1,1163
824,Blipbug,,824,20,1,0,0,1,1164
825,Dottler,,825,20,1,0,0,1,1165
826,Orbeetle,,826,20,1,0,0,1,1166
827,Nickit,,827,20,1,0,0,1,1167
828,Thievul,,828,20,1,0,0,1,1168
829,Gossifleur,,829,20,1,0,0,1,1169
830,Eldegoss,,830,20,1,0,0,1,1170
831,Wooloo,,831,20,1,0,0,1,1171
832,Dubwool,,832,20,1,0,0,1,1172
833,Chewtle,,833,20,1,0,0,1,1173
834,Drednaw,,834,20,1,0,0,1,1174
835,Yamper,,835,20,1,0,0,1,1175
836,Boltund,,836,20,1,0,0,1,1176
837,Rolycoly,,837,20,1,0,0,1,1177
838,Carkol,,838,20,1,0,0,1,1178
839,Coalossal,,839,20,1,0,0,1,1179
840,Applin,,840,20,1,0,0,1,1180
841,Flapple,,841,20,1,0,0,1,1181
842,Appletun,,842,20,1,0,0,1,1182
843,Silicobra,,843,20,1,0,0,1,1183
844,Sandaconda,,844,20,1,0,0,1,1184
845,Cramorant,,845,20,1,0,0,1,1185
846,Arrokuda,,846,20,1,0,0,1,1188
847,Barraskewda,,847,20,1,0,0,1,1189
848,Toxel,,848,20,1,0,0,1,1190
849,"Toxtricity Amped",Amped,849,20,1,0,0,1,1191
850,Sizzlipede,,850,20,1,0,0,1,1193
851,Centiskorch,,851,20,1,0,0,1,1194
852,Clobbopus,,852,20,1,0,0,1,1195
853,Grapploct,,853,20,1,0,0,1,1196
854,"Sinistea Phony",Phony,854,20,1,0,0,1,1197
855,"Polteageist Phony",Phony,855,20,1,0,0,1,1199
856,Hatenna,,856,20,1,0,0,1,1201
857,Hattrem,,857,20,1,0,0,1,1202
858,Hatterene,,858,20,1,0,0,1,1203
859,Impidimp,,859,20,1,0,0,1,1204
860,Morgrem,,860,20,1,0,0,1,1205
861,Grimmsnarl,,861,20,1,0,0,1,1206
862,Obstagoon,,862,20,1,0,0,1,1207
863,Perrserker,,863,20,1,0,0,1,1208
864,Cursola,,864,20,1,0,0,1,1209
865,Sirfetchd,,865,20,1,0,0,1,1210
866,"Mr Rime",,866,20,1,0,0,1,1211
867,Runerigus,,867,20,1,0,0,1,1212
868,Milcery,,868,20,1,0,0,1,1213
869,"Alcremie Vanilla Cream Strawberry Sweet","Vanilla Cream Strawberry Sweet",869,20,1,0,0,1,1214
870,Falinks,,870,20,1,0,0,1,1223
871,Pincurchin,,871,20,1,0,0,1,1224
872,Snom,,872,20,1,0,0,1,1225
873,Frosmoth,,873,20,1,0,0,1,1226
874,Stonjourner,,874,20,1,0,0,1,1227
875,"Eiscue Ice",Ice,875,20,1,0,0,1,1228
876,"Indeedee Male",Male,876,20,1,0,0,1,1230
877,"Morpeko Full Belly","Full Belly",877,20,1,0,0,1,1232
878,Cufant,,878,20,1,0,0,1,1234
879,Copperajah,,879,20,1,0,0,1,1235
880,Dracozolt,,880,20,1,0,0,1,1236
881,Arctozolt,,881,20,1,0,0,1,1237
882,Dracovish,,882,20,1,0,0,1,1238
883,Arctovish,,883,20,1,0,0,1,1239
884,Duraludon,,884,20,1,0,0,1,1240
885,Dreepy,,885,20,1,0,0,1,1241
886,Drakloak,,886,20,1,0,0,1,1242
887,Dragapult,,887,20,1,0,0,1,1243
888,Zacian,,888,20,1,0,0,1,1244
889,Zamazenta,,889,20,1,0,0,1,1246
890,Eternatus,,890,20,1,0,0,1,1248
891,Kubfu,,891,20,1,0,0,1,1250
892,"Urshifu Single Strike","Single Strike",892,20,1,0,0,1,1251
893,Zarude,,893,20,1,0,0,1,1253
894,Regieleki,,894,20,1,0,0,1,1255
895,Regidrago,,895,20,1,0,0,1,1256
896,Glastrier,,896,20,1,0,0,1,1257
897,Spectrier,,897,20,1,0,0,1,1258
898,Calyrex,,898,20,1,0,0,1,1259
899,Wyrdeer,,899,24,1,0,0,1,1260
900,Kleavor,,900,24,1,0,0,1,1261
901,Ursaluna,,901,24,1,0,0,1,1262
902,"Basculegion Male",Male,902,24,1,0,0,1,1263
903,Sneasler,,903,24,1,0,0,1,1264
904,Overqwil,,904,24,1,0,0,1,1265
905,"Enamorus Incarnate",Incarnate,905,24,1,0,0,1,1266
906,Sprigatito,,906,25,1,0,0,1,1267
907,Floragato,,907,25,1,0,0,1,1268
908,Meowscarada,,908,25,1,0,0,1,1269
909,Fuecoco,,909,25,1,0,0,1,1270
910,Crocalor,,910,25,1,0,0,1,1271
911,Skeledirge,,911,25,1,0,0,1,1272
912,Quaxly,,912,25,1,0,0,1,1273
913,Quaxwell,,913,25,1,0,0,1,1274
914,Quaquaval,,914,25,1,0,0,1,1275
915,Lechonk,,915,25,1,0,0,1,1276
916,"Oinkologne Male",Male,916,25,1,0,0,1,1277
917,Tarountula,,917,25,1,0,0,1,1279
918,Spidops,,918,25,1,0,0,1,1280
919,Nymble,,919,25,1,0,0,1,1281
920,Lokix,,920,25,1,0,0,1,1282
921,Pawmi,,921,25,1,0,0,1,1315
922,Pawmo,,922,25,1,0,0,1,1316
923,Pawmot,,923,25,1,0,0,1,1317
924,Tandemaus,,924,25,1,0,0,1,1306
925,"Maushold Family Of Four","Family Of Four",925,25,1,0,0,1,1307
926,Fidough,,926,25,1,0,0,1,1331
927,Dachsbun,,927,25,1,0,0,1,1332
928,Smoliv,,928,25,1,0,0,1,1296
929,Dolliv,,929,25,1,0,0,1,1297
930,Arboliva,,930,25,1,0,0,1,1298
931,"Squawkabilly Green Plumage","Green Plumage",931,25,1,0,0,1,1321
932,Nacli,,932,25,1,0,0,1,1324
933,Naclstack,,933,25,1,0,0,1,1325
934,Garganacl,,934,25,1,0,0,1,1326
935,Charcadet,,935,25,1,0,0,1,1362
936,Armarouge,,936,25,1,0,0,1,1363
937,Ceruledge,,937,25,1,0,0,1,1364
938,Tadbulb,,938,25,1,0,0,1,1301
939,Bellibolt,,939,25,1,0,0,1,1302
940,Wattrel,,940,25,1,0,0,1,1318
941,Kilowattrel,,941,25,1,0,0,1,1319
942,Maschiff,,942,25,1,0,0,1,1333
943,Mabosstiff,,943,25,1,0,0,1,1334
944,Shroodle,,944,25,1,0,0,1,1329
945,Grafaiai,,945,25,1,0,0,1,1330
946,Bramblin,,946,25,1,0,0,1,1335
947,Brambleghast,,947,25,1,0,0,1,1336
948,Toedscool,,948,25,1,0,0,1,1365
949,Toedscruel,,949,25,1,0,0,1,1366
950,Klawf,,950,25,1,0,0,1,1323
951,Capsakid,,951,25,1,0,0,1,1299
952,Scovillain,,952,25,1,0,0,1,1300
953,Rellor,,953,25,1,0,0,1,1283
954,Rabsca,,954,25,1,0,0,1,1284
955,Flittle,,955,25,1,0,0,1,1287
956,Espathra,,956,25,1,0,0,1,1288
957,Tinkatink,,957,25,1,0,0,1,1359
958,Tinkatuff,,958,25,1,0,0,1,1360
959,Tinkaton,,959,25,1,0,0,1,1361
960,Wiglett,,960,25,1,0,0,1,1290
961,Wugtrio,,961,25,1,0,0,1,1291
962,Bombirdier,,962,25,1,0,0,1,1320
963,Finizen,,963,25,1,0,0,1,1294
964,"Palafin Zero",Zero,964,25,1,0,0,1,1295
965,Varoom,,965,25,1,0,0,1,1303
966,Revavroom,,966,25,1,0,0,1,1304
967,Cyclizar,,967,25,1,0,0,1,1314
968,Orthworm,,968,25,1,0,0,1,1305
969,Glimmet,,969,25,1,0,0,1,1327
970,Glimmora,,970,25,1,0,0,1,1328
971,Greavard,,971,25,1,0,0,1,1285
972,Houndstone,,972,25,1,0,0,1,1286
973,Flamigo,,973,25,1,0,0,1,1322
974,Cetoddle,,974,25,1,0,0,1,1308
975,Cetitan,,975,25,1,0,0,1,1309
976,Veluza,,976,25,1,0,0,1,1293
977,Dondozo,,977,25,1,0,0,1,1292
978,"Tatsugiri Curly",Curly,978,25,1,0,0,1,1313
979,Annihilape,,979,25,1,0,0,1,1369
980,Clodsire,,980,25,1,0,0,1,1368
981,Farigiraf,,981,25,1,0,0,1,1289
982,"Dudunsparce Two Segment","Two Segment",982,25,1,0,0,1,1278
983,Kingambit,,983,25,1,0,0,1,1367
984,"Great Tusk",,984,25,1,0,0,1,1339
985,"Scream Tail",,985,25,1,0,0,1,1342
986,"Brute Bonnet",,986,25,1,0,0,1,1340
987,"Flutter Mane",,987,25,1,0,0,1,1343
988,"Slither Wing",,988,25,1,0,0,1,1344
989,"Sandy Shocks",,989,25,1,0,0,1,1341
990,"Iron Treads",,990,25,1,0,0,1,1346
991,"Iron Bundle",,991,25,1,0,0,1,1351
992,"Iron Hands",,992,25,1,0,0,1,1348
993,"Iron Jugulis",,993,25,1,0,0,1,1349
994,"Iron Moth",,994,25,1,0,0,1,1347
995,"Iron Thorns",,995,25,1,0,0,1,1350
996,Frigibax,,996,25,1,0,0,1,1310
997,Arctibax,,997,25,1,0,0,1,1311
998,Baxcalibur,,998,25,1,0,0,1,1312
999,"Gimmighoul Chest",Chest,999,25,1,0,0,1,1337
1000,Gholdengo,,1000,25,1,0,0,1,1338
1001,"Wo Chien",,1001,25,1,0,0,1,1355
1002,"Chien Pao",,1002,25,1,0,0,1,1354
1003,"Ting Lu",,1003,25,1,0,0,1,1353
1004,"Chi Yu",,1004,25,1,0,0,1,1356
1005,"Roaring Moon",,1005,25,1,0,0,1,1345
1006,"Iron Valiant",,1006,25,1,0,0,1,1352
1007,"Koraidon Apex Build","Apex Build",1007,25,1,0,0,1,1357
1008,"Miraidon Ultimate Mode","Ultimate Mode",1008,25,1,0,0,1,1358
1009,"Walking Wake",,1009,25,1,0,0,1,1370
1010,"Iron Leaves",,1010,25,1,0,0,1,1371
1011,Dipplin,,1011,26,1,0,0,1,1373
1012,"Poltchageist Counterfeit",Counterfeit,1012,26,1,0,0,1,1374
1013,"Sinistcha Unremarkable",Unremarkable,1013,26,1,0,0,1,1376
1014,Okidogi,,1014,26,1,0,0,1,1378
1015,Munkidori,,1015,26,1,0,0,1,1379
1016,Fezandipiti,,1016,26,1,0,0,1,1380
1017,Ogerpon,,1017,26,1,0,0,1,1381
1018,Archaludon,,1018,27,1,0,0,1,1385
1019,Hydrapple,,1019,27,1,0,0,1,1386
1020,"Gouging Fire",,1020,27,1,0,0,1,1387
1021,"Raging Bolt",,1021,27,1,0,0,1,1388
1022,"Iron Boulder",,1022,27,1,0,0,1,1389
1023,"Iron Crown",,1023,27,1,0,0,1,1390
1024,Terapagos,,1024,27,1,0,0,1,1391
1025,Pecharunt,,1025,27,1,0,0,1,1394
10001,"Unown B",B,201,3,0,0,0,2,299
10002,"Unown C",C,201,3,0,0,0,3,300
10003,"Unown D",D,201,3,0,0,0,4,301
10004,"Unown E",E,201,3,0,0,0,5,302
10005,"Unown F",F,201,3,0,0,0,6,303
10006,"Unown G",G,201,3,0,0,0,7,304
10007,"Unown H",H,201,3,0,0,0,8,305
10008,"Unown I",I,201,3,0,0,0,9,306
10009,"Unown J",J,201,3,0,0,0,10,307
10010,"Unown K",K,201,3,0,0,0,11,308
10011,"Unown L",L,201,3,0,0,0,12,309
10012,"Unown M",M,201,3,0,0,0,13,310
10013,"Unown N",N,201,3,0,0,0,14,311
10014,"Unown O",O,201,3,0,0,0,15,312
10015,"Unown P",P,201,3,0,0,0,16,313
10016,"Unown Q",Q,201,3,0,0,0,17,314
10017,"Unown R",R,201,3,0,0,0,18,315
10018,"Unown S",S,201,3,0,0,0,19,316
10019,"Unown T",T,201,3,0,0,0,20,317
10020,"Unown U",U,201,3,0,0,0,21,318
10021,"Unown V",V,201,3,0,0,0,22,319
10022,"Unown W",W,201,3,0,0,0,23,320
10023,"Unown X",X,201,3,0,0,0,24,321
10024,"Unown Y",Y,201,3,0,0,0,25,322
10025,"Unown Z",Z,201,3,0,0,0,26,323
10026,"Unown Exclamation",Exclamation,201,5,0,0,0,27,324
10027,"Unown Question",Question,201,5,0,0,0,28,325
10028,"Castform Sunny",Sunny,10013,5,1,1,0,2,493
10029,"Castform Rainy",Rainy,10014,5,1,1,0,3,494
10030,"Castform Snowy",Snowy,10015,5,1,1,0,4,495
10031,"Deoxys Attack",Attack,10001,7,1,0,0,2,543
10032,"Deoxys Defense",Defense,10002,7,1,0,0,3,544
10033,"Deoxys Speed",Speed,10003,6,1,0,0,4,545
10034,"Burmy Sandy",Sandy,412,8,0,0,0,2,570
10035,"Burmy Trash",Trash,412,8,0,0,0,3,571
10036,"Wormadam Sandy",Sandy,10004,8,1,0,0,2,573
10037,"Wormadam Trash",Trash,10005,8,1,0,0,3,574
10038,"Cherrim Sunshine",Sunshine,421,8,0,1,0,2,585
10039,"Shellos East",East,422,8,0,0,0,2,587
10040,"Gastrodon East",East,423,8,0,0,0,2,589
10041,"Arceus Bug",Bug,493,8,0,0,0,7,649
10042,"Arceus Dark",Dark,493,8,0,0,0,17,659
10043,"Arceus Dragon",Dragon,493,8,0,0,0,16,658
10044,"Arceus Electric",Electric,493,8,0,0,0,13,655
10045,"Arceus Fighting",Fighting,493,8,0,0,0,2,644
10046,"Arceus Fire",Fire,493,8,0,0,0,10,652
10047,"Arceus Flying",Flying,493,8,0,0,0,3,645
10048,"Arceus Ghost",Ghost,493,8,0,0,0,8,650
10049,"Arceus Grass",Grass,493,8,0,0,0,12,654
10050,"Arceus Ground",Ground,493,8,0,0,0,5,647
10051,"Arceus Ice",Ice,493,8,0,0,0,15,657
10052,"Arceus Poison",Poison,493,8,0,0,0,4,646
10053,"Arceus Psychic",Psychic,493,8,0,0,0,14,656
10054,"Arceus Rock",Rock,493,8,0,0,0,6,648
10055,"Arceus Steel",Steel,493,8,0,0,0,9,651
10056,"Arceus Water",Water,493,8,0,0,0,11,653
10057,"Arceus Unknown",Unknown,493,8,0,0,0,19,661
10058,"Rotom Heat",Heat,10008,9,1,0,0,2,623
10059,"Rotom Wash",Wash,10009,9,1,0,0,3,624
10060,"Rotom Frost",Frost,10010,9,1,0,0,4,625
10061,"Rotom Fan",Fan,10011,9,1,0,0,5,626
10062,"Rotom Mow",Mow,10012,9,1,0,0,6,627
10063,"Giratina Origin",Origin,10007,9,1,0,0,2,636
10064,"Shaymin Sky",Sky,10006,9,1,0,0,2,642
10065,"Pichu Spiky Eared","Spiky Eared",172,10,0,0,0,2,35
10066,"Basculin Blue Striped","Blue Striped",10016,11,1,0,0,2,720
10067,"Darmanitan Zen",Zen,10017,11,1,1,0,2,727
10068,"Deerling Summer",Summer,585,11,0,0,0,2,761
10069,"Deerling Autumn",Autumn,585,11,0,0,0,3,762
10070,"Deerling Winter",Winter,585,11,0,0,0,4,763
10071,"Sawsbuck Summer",Summer,586,11,0,0,0,2,765
10072,"Sawsbuck Autumn",Autumn,586,11,0,0,0,3,766
10073,"Sawsbuck Winter",Winter,586,11,0,0,0,4,767
10074,"Meloetta Pirouette",Pirouette,10018,11,1,1,0,2,837
10075,"Genesect Douse",Douse,649,11,0,0,0,2,839
10076,"Genesect Shock",Shock,649,11,0,0,0,3,840
10077,"Genesect Burn",Burn,649,11,0,0,0,4,841
10078,"Genesect Chill",Chill,649,11,0,0,0,5,842
10079,"Tornadus Therian",Therian,10019,14,1,0,0,2,824
10080,"Thundurus Therian",Therian,10020,14,1,0,0,2,826
10081,"Landorus Therian",Therian,10021,14,1,0,0,2,830
10082,"Kyurem Black",Black,10022,14,1,0,0,3,833
10083,"Kyurem White",White,10023,14,1,0,0,2,832
10084,"Keldeo Resolute",Resolute,10024,14,1,0,0,2,835
10085,"Arceus Fairy",Fairy,493,15,0,0,0,18,660
10086,"Vivillon Icy Snow","Icy Snow",666,15,0,0,0,1,899
10087,"Vivillon Polar",Polar,666,15,0,0,0,2,900
10088,"Vivillon Tundra",Tundra,666,15,0,0,0,3,901
10089,"Vivillon Continental",Continental,666,15,0,0,0,4,902
10090,"Vivillon Garden",Garden,666,15,0,0,0,5,903
10091,"Vivillon Elegant",Elegant,666,15,0,0,0,6,904
10092,"Vivillon Modern",Modern,666,15,0,0,0,8,906
10093,"Vivillon Marine",Marine,666,15,0,0,0,9,907
10094,"Vivillon Archipelago",Archipelago,666,15,0,0,0,10,908
10095,"Vivillon High Plains","High Plains",666,15,0,0,0,11,909
10096,"Vivillon Sandstorm",Sandstorm,666,15,0,0,0,12,910
10097,"Vivillon River",River,666,15,0,0,0,13,911
10098,"Vivillon Monsoon",Monsoon,666,15,0,0,0,14,912
10099,"Vivillon Savanna",Savanna,666,15,0,0,0,15,913
10100,"Vivillon Sun",Sun,666,15,0,0,0,16,914
10101,"Vivillon Ocean",Ocean,666,15,0,0,0,17,915
10102,"Vivillon Jungle",Jungle,666,15,0,0,0,18,916
10103,"Flabebe Yellow",Yellow,669,15,0,0,0,2,922
10104,"Flabebe Orange",Orange,669,15,0,0,0,3,923
10105,"Flabebe Blue",Blue,669,15,0,0,0,4,924
10106,"Flabebe White",White,669,15,0,0,0,5,925
10107,"Floette Yellow",Yellow,670,15,0,0,0,2,927
10108,"Floette Orange",Orange,670,15,0,0,0,3,928
10109,"Floette Blue",Blue,670,15,0,0,0,4,929
10110,"Floette White",White,670,15,0,0,0,5,930
10111,"Florges Yellow",Yellow,671,15,0,0,0,2,933
10112,"Florges Orange",Orange,671,15,0,0,0,3,934
10113,"Florges Blue",Blue,671,15,0,0,0,4,935
10114,"Florges White",White,671,15,0,0,0,5,936
10115,"Furfrou Heart",Heart,676,15,0,0,0,2,942
10116,"Furfrou Star",Star,676,15,0,0,0,3,943
10117,"Furfrou Diamond",Diamond,676,15,0,0,0,4,944
10118,"Furfrou Debutante",Debutante,676,15,0,0,0,5,945
10119,"Furfrou Matron",Matron,676,15,0,0,0,6,946
10120,"Furfrou Dandy",Dandy,676,15,0,0,0,7,947
10121,"Furfrou La Reine","La Reine",676,15,0,0,0,8,948
10122,"Furfrou Kabuki",Kabuki,676,15,0,0,0,9,949
10123,"Furfrou Pharaoh",Pharaoh,676,15,0,0,0,10,950
10124,"Meowstic Female",Female,10025,15,1,0,0,2,953
10125,"Aegislash Blade",Blade,10026,15,1,1,0,2,957
10126,"Pumpkaboo Small",Small,10027,15,1,0,0,2,986
10127,"Pumpkaboo Large",Large,10028,15,1,0,0,3,987
10128,"Pumpkaboo Super",Super,10029,15,1,0,0,4,988
10129,"Gourgeist Small",Small,10030,15,1,0,0,2,990
10130,"Gourgeist Large",Large,10031,15,1,0,0,3,991
10131,"Gourgeist Super",Super,10032,15,1,0,0,4,992
10132,"Xerneas Neutral",Neutral,716,15,1,0,0,1,997
10133,"Venusaur Mega",Mega,10033,15,1,1,1,2,4
10134,"Charizard Mega X","Mega X",10034,15,1,1,1,2,8
10135,"Charizard Mega Y","Mega Y",10035,15,1,1,1,3,9
10136,"Blastoise Mega",Mega,10036,15,1,1,1,2,13
10137,"Alakazam Mega",Mega,10037,15,1,1,1,2,107
10138,"Gengar Mega",Mega,10038,15,1,1,1,2,151
10139,"Kangaskhan Mega",Mega,10039,15,1,1,1,2,186
10140,"Pinsir Mega",Mega,10040,15,1,1,1,2,209
10141,"Gyarados Mega",Mega,10041,15,1,1,1,2,213
10142,"Aerodactyl Mega",Mega,10042,15,1,1,1,2,234
10143,"Mewtwo Mega X","Mega X",10043,15,1,1,1,2,247
10144,"Mewtwo Mega Y","Mega Y",10044,15,1,1,1,3,248
10145,"Ampharos Mega",Mega,10045,15,1,1,1,2,277
10146,"Scizor Mega",Mega,10046,15,1,1,1,2,199
10147,"Heracross Mega",Mega,10047,15,1,1,1,2,339
10148,"Houndoom Mega",Mega,10048,15,1,1,1,2,359
10149,"Tyranitar Mega",Mega,10049,15,1,1,1,2,371
10150,"Blaziken Mega",Mega,10050,15,1,1,1,2,382
10151,"Gardevoir Mega",Mega,10051,15,1,1,1,2,411
10152,"Mawile Mega",Mega,10052,15,1,1,1,2,436
10153,"Aggron Mega",Mega,10053,15,1,1,1,2,440
10154,"Medicham Mega",Mega,10054,15,1,1,1,2,443
10155,"Manectric Mega",Mega,10055,15,1,1,1,2,446
10156,"Banette Mega",Mega,10056,15,1,1,1,2,499
10157,"Absol Mega",Mega,10057,15,1,1,1,2,507
10158,"Garchomp Mega",Mega,10058,15,1,1,1,2,606
10159,"Lucario Mega",Mega,10059,15,1,1,1,2,609
10160,"Abomasnow Mega",Mega,10060,15,1,1,1,2,621
10161,"Vivillon Fancy",Fancy,666,15,0,0,0,19,917
10162,"Vivillon Poke Ball","Poke Ball",666,15,0,0,0,20,918
10163,"Floette Eternal",Eternal,10061,15,1,0,0,6,931
10164,"Latias Mega",Mega,10062,15,1,1,1,2,532
10165,"Latios Mega",Mega,10063,15,1,1,1,2,534
10166,"Swampert Mega",Mega,10064,16,1,1,1,2,386
10167,"Sceptile Mega",Mega,10065,16,1,1,1,2,378
10168,"Sableye Mega",Mega,10066,16,1,1,1,2,434
10169,"Altaria Mega",Mega,10067,16,1,1,1,2,475
10170,"Gallade Mega",Mega,10068,16,1,1,1,2,413
10171,"Audino Mega",Mega,10069,16,1,1,1,2,700
10172,"Sharpedo Mega",Mega,10070,16,1,1,1,2,458
10173,"Slowbro Mega",Mega,10071,16,1,1,1,2,129
10174,"Steelix Mega",Mega,10072,16,1,1,1,2,154
10175,"Pidgeot Mega",Mega,10073,16,1,1,1,2,24
10176,"Glalie Mega",Mega,10074,16,1,1,1,2,510
10177,"Diancie Mega",Mega,10075,16,1,1,1,2,1006
10178,"Metagross Mega",Mega,10076,16,1,1,1,2,527
10179,"Kyogre Primal",Primal,10077,16,1,1,0,2,536
10180,"Groudon Primal",Primal,10078,16,1,1,0,2,538
10181,"Rayquaza Mega",Mega,10079,16,1,1,1,2,540
10182,"Pikachu Rock Star","Rock Star",10080,16,1,0,0,3,38
10183,"Pikachu Belle",Belle,10081,16,1,0,0,4,39
10184,"Pikachu Pop Star","Pop Star",10082,16,1,0,0,5,40
10185,"Pikachu Phd",Phd,10083,16,1,0,0,6,41
10186,"Pikachu Libre",Libre,10084,16,1,0,0,7,42
10187,"Pikachu Cosplay",Cosplay,10085,16,1,0,0,2,37
10188,"Hoopa Unbound",Unbound,10086,16,1,0,0,2,1008
10189,"Camerupt Mega",Mega,10087,16,1,1,1,2,463
10190,"Lopunny Mega",Mega,10088,16,1,1,1,2,594
10191,"Salamence Mega",Mega,10089,16,1,1,1,2,523
10192,"Beedrill Mega",Mega,10090,16,1,1,1,2,20
10193,"Rattata Alola",Alola,10091,17,1,0,0,2,26
10194,"Raticate Alola",Alola,10092,17,1,0,0,2,28
10195,"Raticate Totem Alola","Totem Alola",10093,17,1,0,0,3,29
10196,"Pikachu Original Cap","Original Cap",10094,17,1,0,0,8,43
10197,"Pikachu Hoenn Cap","Hoenn Cap",10095,17,1,0,0,9,44
10198,"Pikachu Sinnoh Cap","Sinnoh Cap",10096,17,1,0,0,10,45
10199,"Pikachu Unova Cap","Unova Cap",10097,17,1,0,0,11,46
10200,"Pikachu Kalos Cap","Kalos Cap",10098,17,1,0,0,12,47
10201,"Pikachu Alola Cap","Alola Cap",10099,17,1,0,0,13,48
10202,"Raichu Alola",Alola,10100,17,1,0,0,2,53
10203,"Sandshrew Alola",Alola,10101,17,1,0,0,2,55
10204,"Sandslash Alola",Alola,10102,17,1,0,0,2,57
10205,"Vulpix Alola",Alola,10103,17,1,0,0,2,68
10206,"Ninetales Alola",Alola,10104,17,1,0,0,2,70
10207,"Diglett Alola",Alola,10105,17,1,0,0,2,86
10208,"Dugtrio Alola",Alola,10106,17,1,0,0,2,88
10209,"Meowth Alola",Alola,10107,17,1,0,0,2,90
10210,"Persian Alola",Alola,10108,17,1,0,0,2,93
10211,"Geodude Alola",Alola,10109,17,1,0,0,2,117
10212,"Graveler Alola",Alola,10110,17,1,0,0,2,119
10213,"Golem Alola",Alola,10111,17,1,0,0,2,121
10214,"Grimer Alola",Alola,10112,17,1,0,0,2,143
10215,"Muk Alola",Alola,10113,17,1,0,0,2,145
10216,"Exeggutor Alola",Alola,10114,17,1,0,0,2,163
10217,"Marowak Alola",Alola,10115,17,1,0,0,2,166
10218,"Greninja Battle Bond","Battle Bond",10116,17,1,0,0,2,852
10219,"Greninja Ash",Ash,10117,17,1,1,0,3,853
10220,"Zygarde 10 Power Construct","10 Power Construct",10118,17,1,0,0,3,1002
10221,"Zygarde 50 Power Construct","50 Power Construct",10119,17,1,0,0,4,1003
10222,"Zygarde Complete",Complete,10120,17,1,1,0,5,1004
10223,"Gumshoos Totem",Totem,10121,17,1,0,0,2,1024
10224,"Vikavolt Totem",Totem,10122,17,1,0,0,2,1028
10225,"Oricorio Pom Pom","Pom Pom",10123,17,1,0,0,2,1032
10226,"Oricorio Pau",Pau,10124,17,1,0,0,3,1033
10227,"Oricorio Sensu",Sensu,10125,17,1,0,0,4,1034
10228,"Lycanroc Midnight",Midnight,10126,17,1,0,0,2,1041
10229,"Wishiwashi School",School,10127,17,1,1,0,2,1044
10230,"Lurantis Totem",Totem,10128,17,1,0,0,2,1054
10231,"Salazzle Totem",Totem,10129,17,1,0,0,2,1059
10232,"Silvally Fighting",Fighting,773,17,0,0,0,2,1075
10233,"Silvally Flying",Flying,773,17,0,0,0,3,1076
10234,"Silvally Poison",Poison,773,17,0,0,0,4,1077
10235,"Silvally Ground",Ground,773,17,0,0,0,5,1078
10236,"Silvally Rock",Rock,773,17,0,0,0,6,1079
10237,"Silvally Bug",Bug,773,17,0,0,0,7,1080
10238,"Silvally Ghost",Ghost,773,17,0,0,0,8,1081
10239,"Silvally Steel",Steel,773,17,0,0,0,9,1082
10240,"Silvally Fire",Fire,773,17,0,0,0,10,1083
10241,"Silvally Water",Water,773,17,0,0,0,11,1084
10242,"Silvally Grass",Grass,773,17,0,0,0,12,1085
10243,"Silvally Electric",Electric,773,17,0,0,0,13,1086
10244,"Silvally Psychic",Psychic,773,17,0,0,0,14,1087
10245,"Silvally Ice",Ice,773,17,0,0,0,15,1088
10246,"Silvally Dragon",Dragon,773,17,0,0,0,16,1089
10247,"Silvally Dark",Dark,773,17,0,0,0,17,1090
10248,"Silvally Fairy",Fairy,773,17,0,0,0,18,1091
10249,"Minior Orange Meteor","Orange Meteor",10130,17,1,1,0,2,1093
10250,"Minior Yellow Meteor","Yellow Meteor",10131,17,1,1,0,3,1094
10251,"Minior Green Meteor","Green Meteor",10132,17,1,1,0,4,1095
10252,"Minior Blue Meteor","Blue Meteor",10133,17,1,1,0,5,1096
10253,"Minior Indigo Meteor","Indigo Meteor",10134,17,1,1,0,6,1097
10254,"Minior Violet Meteor","Violet Meteor",10135,17,1,1,0,7,1098
10255,"Minior Red",Red,10136,17,1,0,0,8,1099
10256,"Minior Orange",Orange,10137,17,1,0,0,9,1100
10257,"Minior Yellow",Yellow,10138,17,1,0,0,10,1101
10258,"Minior Green",Green,10139,17,1,0,0,11,1102
10259,"Minior Blue",Blue,10140,17,1,0,0,12,1103
10260,"Minior Indigo",Indigo,10141,17,1,0,0,13,1104
10261,"Minior Violet",Violet,10142,17,1,0,0,14,1105
10262,"Mimikyu Busted",Busted,10143,17,1,1,0,2,1111
10263,"Mimikyu Totem Disguised","Totem Disguised",10144,17,1,0,0,3,1112
10264,"Mimikyu Totem Busted","Totem Busted",10145,17,1,1,0,4,1113
10265,"Kommo O Totem",Totem,10146,17,1,0,0,2,1120
10266,"Magearna Original",Original,10147,17,1,0,0,2,1141
10267,"Pikachu Partner Cap","Partner Cap",10148,18,1,0,0,14,49
10268,"Marowak Totem",Totem,10149,18,1,0,0,3,167
10269,"Mothim Sandy",Sandy,414,18,0,0,0,2,576
10270,"Mothim Trash",Trash,414,18,0,0,0,3,577
10271,"Scatterbug Polar",Polar,664,18,0,0,0,2,860
10272,"Scatterbug Tundra",Tundra,664,18,0,0,0,3,861
10273,"Scatterbug Continental",Continental,664,18,0,0,0,4,862
10274,"Scatterbug Garden",Garden,664,18,0,0,0,5,863
10275,"Scatterbug Elegant",Elegant,664,18,0,0,0,6,864
10276,"Scatterbug Meadow",Meadow,664,18,0,0,0,7,865
10277,"Scatterbug Modern",Modern,664,18,0,0,0,8,866
10278,"Scatterbug Marine",Marine,664,18,0,0,0,9,867
10279,"Scatterbug Archipelago",Archipelago,664,18,0,0,0,10,868
10280,"Scatterbug High Plains","High Plains",664,18,0,0,0,11,869
10281,"Scatterbug Sandstorm",Sandstorm,664,18,0,0,0,12,870
10282,"Scatterbug River",River,664,18,0,0,0,13,871
10283,"Scatterbug Monsoon",Monsoon,664,18,0,0,0,14,872
10284,"Scatterbug Savanna",Savanna,664,18,0,0,0,15,873
10285,"Scatterbug Sun",Sun,664,18,0,0,0,16,874
10286,"Scatterbug Ocean",Ocean,664,18,0,0,0,17,875
10287,"Scatterbug Jungle",Jungle,664,18,0,0,0,18,876
10288,"Scatterbug Fancy",Fancy,664,18,0,0,0,19,877
10289,"Scatterbug Poke Ball","Poke Ball",664,18,0,0,0,20,878
10290,"Spewpa Polar",Polar,665,18,0,0,0,2,880
10291,"Spewpa Tundra",Tundra,665,18,0,0,0,3,881
10292,"Spewpa Continental",Continental,665,18,0,0,0,4,882
10293,"Spewpa Garden",Garden,665,18,0,0,0,5,883
10294,"Spewpa Elegant",Elegant,665,18,0,0,0,6,884
10295,"Spewpa Meadow",Meadow,665,18,0,0,0,7,885
10296,"Spewpa Modern",Modern,665,18,0,0,0,8,886
10297,"Spewpa Marine",Marine,665,18,0,0,0,9,887
10298,"Spewpa Archipelago",Archipelago,665,18,0,0,0,10,888
10299,"Spewpa High Plains","High Plains",665,18,0,0,0,11,889
10300,"Spewpa Sandstorm",Sandstorm,665,18,0,0,0,12,890
10301,"Spewpa River",River,665,18,0,0,0,13,891
10302,"Spewpa Monsoon",Monsoon,665,18,0,0,0,14,892
10303,"Spewpa Savanna",Savanna,665,18,0,0,0,15,893
10304,"Spewpa Sun",Sun,665,18,0,0,0,16,894
10305,"Spewpa Ocean",Ocean,665,18,0,0,0,17,895
10306,"Spewpa Jungle",Jungle,665,18,0,0,0,18,896
10307,"Spewpa Fancy",Fancy,665,18,0,0,0,19,897
10308,"Spewpa Poke Ball","Poke Ball",665,18,0,0,0,20,898
10309,"Ribombee Totem",Totem,10150,18,1,0,0,2,1037
10310,"Rockruff Own Tempo","Own Tempo",10151,18,1,0,0,2,1039
10311,"Lycanroc Dusk",Dusk,10152,18,1,0,0,3,1042
10312,"Araquanid Totem",Totem,10153,18,1,0,0,2,1051
10313,"Togedemaru Totem",Totem,10154,18,1,0,0,2,1109
10314,"Necrozma Dusk",Dusk,10155,18,1,0,0,2,1137
10315,"Necrozma Dawn",Dawn,10156,18,1,0,0,3,1138
10316,"Necrozma Ultra",Ultra,10157,18,1,0,0,4,1139
10317,"Pikachu Starter",Starter,10158,19,1,0,0,15,50
10318,"Eevee Starter",Starter,10159,19,1,0,0,2,217
10319,"Pikachu World Cap","World Cap",10160,20,1,0,0,16,51
10320,"Meowth Galar",Galar,10161,20,1,0,0,3,91
10321,"Ponyta Galar",Galar,10162,20,1,0,0,2,123
10322,"Rapidash Galar",Galar,10163,20,1,0,0,2,125
10323,"Slowpoke Galar",Galar,10164,20,1,0,0,2,127
10324,"Slowbro Galar",Galar,10165,20,1,0,0,3,130
10325,"Farfetchd Galar",Galar,10166,20,1,0,0,2,137
10326,"Weezing Galar",Galar,10167,20,1,0,0,2,176
10327,"Mr Mime Galar",Galar,10168,20,1,0,0,2,196
10328,"Articuno Galar",Galar,10169,20,1,0,0,2,238
10329,"Zapdos Galar",Galar,10170,20,1,0,0,2,240
10330,"Moltres Galar",Galar,10171,20,1,0,0,2,242
10331,"Slowking Galar",Galar,10172,20,1,0,0,2,132
10332,"Corsola Galar",Galar,10173,20,1,0,0,2,350
10333,"Zigzagoon Galar",Galar,10174,20,1,0,0,2,390
10334,"Linoone Galar",Galar,10175,20,1,0,0,2,392
10335,"Darumaka Galar",Galar,10176,20,1,0,0,2,725
10336,"Darmanitan Galar Standard","Galar Standard",10177,20,1,0,0,3,728
10337,"Darmanitan Galar Zen","Galar Zen",10178,20,1,1,0,4,729
10338,"Yamask Galar",Galar,10179,20,1,0,0,2,737
10339,"Stunfisk Galar",Galar,10180,20,1,0,0,2,800
10340,"Zygarde 10",10,10181,17,1,0,0,2,1001
10341,"Cramorant Gulping",Gulping,10182,20,1,1,0,2,1186
10342,"Cramorant Gorging",Gorging,10183,20,1,1,0,3,1187
10343,"Toxtricity Low Key","Low Key",10184,20,1,0,0,2,1192
10344,"Sinistea Antique",Antique,854,20,0,0,0,2,1198
10345,"Polteageist Antique",Antique,855,20,0,0,0,2,1200
10346,"Alcremie Ruby Cream Strawberry Sweet","Ruby Cream Strawberry Sweet",869,20,0,0,0,2,1215
10347,"Alcremie Matcha Cream Strawberry Sweet","Matcha Cream Strawberry Sweet",869,20,0,0,0,3,1216
10348,"Alcremie Mint Cream Strawberry Sweet","Mint Cream Strawberry Sweet",869,20,0,0,0,4,1217
10349,"Alcremie Lemon Cream Strawberry Sweet","Lemon Cream Strawberry Sweet",869,20,0,0,0,5,1218
10350,"Alcremie Salted Cream Strawberry Sweet","Salted Cream Strawberry Sweet",869,20,0,0,0,6,1219
10351,"Alcremie Ruby Swirl Strawberry Sweet","Ruby Swirl Strawberry Sweet",869,20,0,0,0,7,1220
10352,"Alcremie Caramel Swirl Strawberry Sweet","Caramel Swirl Strawberry Sweet",869,20,0,0,0,8,1221
10353,"Alcremie Rainbow Swirl Strawberry Sweet","Rainbow Swirl Strawberry Sweet",869,20,0,0,0,9,1222
10354,"Eiscue Noice",Noice,10185,20,1,1,0,2,1229
10355,"Indeedee Female",Female,10186,20,1,0,0,2,1231
10356,"Morpeko Hangry",Hangry,10187,20,1,1,0,2,1233
10357,"Zacian Crowned",Crowned,10188,20,1,1,0,2,1245
10358,"Zamazenta Crowned",Crowned,10189,20,1,1,0,2,1247
10359,"Eternatus Eternamax",Eternamax,10190,20,1,0,0,2,1249
10360,"Urshifu Rapid Strike","Rapid Strike",10191,20,1,0,0,2,1252
10361,"Zarude Dada",Dada,10192,20,1,0,0,2,1254
10362,"Calyrex Ice",Ice,10193,20,1,0,0,2,1260
10363,"Calyrex Shadow",Shadow,10194,20,1,0,0,3,1261
10364,"Venusaur Gmax",Gmax,10195,20,1,1,0,1,1249
10365,"Charizard Gmax",Gmax,10196,20,1,1,0,1,1250
10366,"Blastoise Gmax",Gmax,10197,20,1,1,0,1,1251
10367,"Butterfree Gmax",Gmax,10198,20,1,1,0,1,1252
10368,"Pikachu Gmax",Gmax,10199,20,1,1,0,1,1253
10369,"Meowth Gmax",Gmax,10200,20,1,1,0,1,1254
10370,"Machamp Gmax",Gmax,10201,20,1,1,0,1,1255
10371,"Gengar Gmax",Gmax,10202,20,1,1,0,1,1256
10372,"Kingler Gmax",Gmax,10203,20,1,1,0,1,1257
10373,"Lapras Gmax",Gmax,10204,20,1,1,0,1,1258
10374,"Eevee Gmax",Gmax,10205,20,1,1,0,1,1259
10375,"Snorlax Gmax",Gmax,10206,20,1,1,0,1,1260
10376,"Garbodor Gmax",Gmax,10207,20,1,1,0,1,1261
10377,"Melmetal Gmax",Gmax,10208,20,1,1,0,1,1262
10378,"Rillaboom Gmax",Gmax,10209,20,1,1,0,1,1263
10379,"Cinderace Gmax",Gmax,10210,20,1,1,0,1,1264
10380,"Inteleon Gmax",Gmax,10211,20,1,1,0,1,1265
10381,"Corviknight Gmax",Gmax,10212,20,1,1,0,1,1266
10382,"Orbeetle Gmax",Gmax,10213,20,1,1,0,1,1267
10383,"Drednaw Gmax",Gmax,10214,20,1,1,0,1,1268
10384,"Coalossal Gmax",Gmax,10215,20,1,1,0,1,1269
10385,"Flapple Gmax",Gmax,10216,20,1,1,0,1,1270
10386,"Appletun Gmax",Gmax,10217,20,1,1,0,1,1271
10387,"Sandaconda Gmax",Gmax,10218,20,1,1,0,1,1272
10388,"Toxtricity Amped Gmax",Gmax,10219,20,1,1,0,1,1273
10389,"Centiskorch Gmax",Gmax,10220,20,1,1,0,1,1274
10390,"Hatterene Gmax",Gmax,10221,20,1,1,0,1,1275
10391,"Grimmsnarl Gmax",Gmax,10222,20,1,1,0,1,1276
10392,"Alcremie Gmax",Gmax,10223,20,1,1,0,1,1277
10393,"Copperajah Gmax",Gmax,10224,20,1,1,0,1,1278
10394,"Duraludon Gmax",Gmax,10225,20,1,1,0,1,1279
10395,"Urshifu Single Strike Gmax",Gmax,10226,20,1,1,0,1,1281
10396,"Urshifu Rapid Strike Gmax",Gmax,10227,20,1,1,0,1,1282
10397,"Toxtricity Low Key Gmax",Gmax,10228,20,1,1,0,1,1283
10398,"Growlithe Hisui",Hisui,10229,24,1,0,0,2,1284
10399,"Arcanine Hisui",Hisui,10230,24,1,0,0,2,1285
10400,"Voltorb Hisui",Hisui,10231,24,1,0,0,2,1286
10401,"Electrode Hisui",Hisui,10232,24,1,0,0,2,1287
10402,"Typhlosion Hisui",Hisui,10233,24,1,0,0,2,1288
10403,"Qwilfish Hisui",Hisui,10234,24,1,0,0,2,1289
10404,"Sneasel Hisui",Hisui,10235,24,1,0,0,2,1290
10405,"Samurott Hisui",Hisui,10236,24,1,0,0,2,1291
10406,"Lilligant Hisui",Hisui,10237,24,1,0,0,2,1292
10407,"Zorua Hisui",Hisui,10238,24,1,0,0,2,1293
10408,"Zoroark Hisui",Hisui,10239,24,1,0,0,2,1294
10409,"Braviary Hisui",Hisui,10240,24,1,0,0,2,1295
10410,"Sliggoo Hisui",Hisui,10241,24,1,0,0,2,1296
10411,"Goodra Hisui",Hisui,10242,24,1,0,0,2,1297
10412,"Avalugg Hisui",Hisui,10243,24,1,0,0,2,1298
10413,"Decidueye Hisui",Hisui,10244,24,1,0,0,2,1299
10414,"Dialga Origin",Origin,10245,24,1,0,0,2,1300
10415,"Palkia Origin",Origin,10246,24,1,0,0,2,1301
10416,"Basculin White Striped","White Striped",10247,24,1,0,0,3,1302
10417,"Basculegion Female",Female,10248,24,1,0,0,2,1303
10418,"Enamorus Therian",Therian,10249,24,1,0,0,2,1304
10419,"Tauros Paldea Combat Breed","Paldea Combat Breed",10250,25,0,0,0,2,1305
10420,"Tauros Paldea Blaze Breed","Paldea Blaze Breed",10251,25,0,0,0,3,1306
10421,"Tauros Paldea Aqua Breed","Paldea Aqua Breed",10252,25,0,0,0,4,1307
10422,"Wooper Paldea",Paldea,10253,25,0,0,0,2,1308
10423,"Oinkologne Female",Female,10254,25,0,0,0,2,1309
10424,"Dudunsparce Three Segment","Three Segment",10255,25,0,0,0,2,1310
10425,"Palafin Hero",Hero,10256,25,0,1,0,2,1311
10426,"Maushold Family Of Three","Family Of Three",10257,25,0,0,0,2,1312
10427,"Tatsugiri Droopy",Droopy,10258,25,0,0,0,2,1313
10428,"Tatsugiri Stretchy",Stretchy,10259,25,0,0,0,3,1314
10429,"Squawkabilly Blue Plumage","Blue Plumage",10260,25,0,0,0,2,1315
10430,"Squawkabilly Yellow Plumage","Yellow Plumage",10261,25,0,0,0,3,1316
10431,"Squawkabilly White Plumage","White Plumage",10262,25,0,0,0,4,1317
10432,"Gimmighoul Roaming",Roaming,10263,25,0,0,0,2,1318
10433,"Koraidon Limited Build","Limited Build",10264,25,0,0,0,2,1319
10434,"Koraidon Sprinting Build","Sprinting Build",10265,25,0,0,0,3,1320
10435,"Koraidon Swimming Build","Swimming Build",10266,25,0,0,0,4,1321
10436,"Koraidon Gliding Build","Gliding Build",10267,25,0,0,0,5,1322
10437,"Miraidon Low Power Mode","Low Power Mode",10268,25,0,0,0,2,1323
10438,"Miraidon Drive Mode","Drive Mode",10269,25,0,0,0,3,1324
10439,"Miraidon Aquatic Mode","Aquatic Mode",10270,25,0,0,0,4,1325
10440,"Miraidon Glide Mode","Glide Mode",10271,25,0,0,0,5,1326
10441,"Ursaluna Bloodmoon",Bloodmoon,10272,26,0,0,0,2,1372
10442,"Ogerpon Wellspring Mask","Wellspring Mask",10273,26,0,0,0,2,1382
10443,"Ogerpon Hearthflame Mask","Hearthflame Mask",10274,26,0,0,0,3,1383
10444,"Ogerpon Cornerstone Mask","Cornerstone Mask",10275,26,0,0,0,4,1384
10445,"Terapagos Terastal",Terastal,10276,27,0,1,0,2,1392
10446,"Terapagos Stellar",Stellar,10277,27,0,1,0,3,1393
10447,"Poltchageist Artisan",Artisan,1012,26,0,0,0,2,1375
10448,"Sinistcha Masterpiece",Masterpiece,1013,26,0,0,0,2,1377
10449,"Alcremie Vanilla Cream Berry Sweet","Vanilla Cream Berry Sweet",869,20,0,0,0,10,1214
10450,"Alcremie Ruby Cream Berry Sweet","Ruby Cream Berry Sweet",869,20,0,0,0,11,1215
10451,"Alcremie Matcha Cream Berry Sweet","Matcha Cream Berry Sweet",869,20,0,0,0,12,1216
10452,"Alcremie Mint Cream Berry Sweet","Mint Cream Berry Sweet",869,20,0,0,0,13,1217
10453,"Alcremie Lemon Cream Berry Sweet","Lemon Cream Berry Sweet",869,20,0,0,0,14,1218
10454,"Alcremie Salted Cream Berry Sweet","Salted Cream Berry Sweet",869,20,0,0,0,15,1219
10455,"Alcremie Ruby Swirl Berry Sweet","Ruby Swirl Berry Sweet",869,20,0,0,0,16,1220
10456,"Alcremie Caramel Swirl Berry Sweet","Caramel Swirl Berry Sweet",869,20,0,0,0,17,1221
10457,"Alcremie Rainbow Swirl Berry Sweet","Rainbow Swirl Berry Sweet",869,20,0,0,0,18,1222
10458,"Alcremie Vanilla Cream Love Sweet","Vanilla Cream Love Sweet",869,20,0,0,0,19,1214
10459,"Alcremie Ruby Cream Love Sweet","Ruby Cream Love Sweet",869,20,0,0,0,20,1215
10460,"Alcremie Matcha Cream Love Sweet","Matcha Cream Love Sweet",869,20,0,0,0,21,1216
10461,"Alcremie Mint Cream Love Sweet","Mint Cream Love Sweet",869,20,0,0,0,22,1217
10462,"Alcremie Lemon Cream Love Sweet","Lemon Cream Love Sweet",869,20,0,0,0,23,1218
10463,"Alcremie Salted Cream Love Sweet","Salted Cream Love Sweet",869,20,0,0,0,24,1219
10464,"Alcremie Ruby Swirl Love Sweet","Ruby Swirl Love Sweet",869,20,0,0,0,25,1220
10465,"Alcremie Caramel Swirl Love Sweet","Caramel Swirl Love Sweet",869,20,0,0,0,26,1221
10466,"Alcremie Rainbow Swirl Love Sweet","Rainbow Swirl Love Sweet",869,20,0,0,0,27,1222
10467,"Alcremie Vanilla Cream Star Sweet","Vanilla Cream Star Sweet",869,20,0,0,0,28,1214
10468,"Alcremie Ruby Cream Star Sweet","Ruby Cream Star Sweet",869,20,0,0,0,29,1215
10469,"Alcremie Matcha Cream Star Sweet","Matcha Cream Star Sweet",869,20,0,0,0,30,1216
10470,"Alcremie Mint Cream Star Sweet","Mint Cream Star Sweet",869,20,0,0,0,31,1217
10471,"Alcremie Lemon Cream Star Sweet","Lemon Cream Star Sweet",869,20,0,0,0,32,1218
10472,"Alcremie Salted Cream Star Sweet","Salted Cream Star Sweet",869,20,0,0,0,33,1219
10473,"Alcremie Ruby Swirl Star Sweet","Ruby Swirl Star Sweet",869,20,0,0,0,34,1220
10474,"Alcremie Caramel Swirl Star Sweet","Caramel Swirl Star Sweet",869,20,0,0,0,35,1221
10475,"Alcremie Rainbow Swirl Star Sweet","Rainbow Swirl Star Sweet",869,20,0,0,0,36,1222
10476,"Alcremie Vanilla Cream Clover Sweet","Vanilla Cream Clover Sweet",869,20,0,0,0,37,1214
10477,"Alcremie Ruby Cream Clover Sweet","Ruby Cream Clover Sweet",869,20,0,0,0,38,1215
10478,"Alcremie Matcha Cream Clover Sweet","Matcha Cream Clover Sweet",869,20,0,0,0,39,1216
10479,"Alcremie Mint Cream Clover Sweet","Mint Cream Clover Sweet",869,20,0,0,0,40,1217
10480,"Alcremie Lemon Cream Clover Sweet","Lemon Cream Clover Sweet",869,20,0,0,0,41,1218
10481,"Alcremie Salted Cream Clover Sweet","Salted Cream Clover Sweet",869,20,0,0,0,42,1219
10482,"Alcremie Ruby Swirl Clover Sweet","Ruby Swirl Clover Sweet",869,20,0,0,0,43,1220
10483,"Alcremie Caramel Swirl Clover Sweet","Caramel Swirl Clover Sweet",869,20,0,0,0,44,1221
10484,"Alcremie Rainbow Swirl Clover Sweet","Rainbow Swirl Clover Sweet",869,20,0,0,0,45,1222
10485,"Alcremie Vanilla Cream Flower Sweet","Vanilla Cream Flower Sweet",869,20,0,0,0,46,1214
10486,"Alcremie Ruby Cream Flower Sweet","Ruby Cream Flower Sweet",869,20,0,0,0,47,1215
10487,"Alcremie Matcha Cream Flower Sweet","Matcha Cream Flower Sweet",869,20,0,0,0,48,1216
10488,"Alcremie Mint Cream Flower Sweet","Mint Cream Flower Sweet",869,20,0,0,0,49,1217
10489,"Alcremie Lemon Cream Flower Sweet","Lemon Cream Flower Sweet",869,20,0,0,0,50,1218
10490,"Alcremie Salted Cream Flower Sweet","Salted Cream Flower Sweet",869,20,0,0,0,51,1219
10491,"Alcremie Ruby Swirl Flower Sweet","Ruby Swirl Flower Sweet",869,20,0,0,0,52,1220
10492,"Alcremie Caramel Swirl Flower Sweet","Caramel Swirl Flower Sweet",869,20,0,0,0,53,1221
10493,"Alcremie Rainbow Swirl Flower Sweet","Rainbow Swirl Flower Sweet",869,20,0,0,0,54,1222
10494,"Alcremie Vanilla Cream Ribbon Sweet","Vanilla Cream Ribbon Sweet",869,20,0,0,0,55,1214
10495,"Alcremie Ruby Cream Ribbon Sweet","Ruby Cream Ribbon Sweet",869,20,0,0,0,56,1215
10496,"Alcremie Matcha Cream Ribbon Sweet","Matcha Cream Ribbon Sweet",869,20,0,0,0,57,1216
10497,"Alcremie Mint Cream Ribbon Sweet","Mint Cream Ribbon Sweet",869,20,0,0,0,58,1217
10498,"Alcremie Lemon Cream Ribbon Sweet","Lemon Cream Ribbon Sweet",869,20,0,0,0,59,1218
10499,"Alcremie Salted Cream Ribbon Sweet","Salted Cream Ribbon Sweet",869,20,0,0,0,60,1219
10500,"Alcremie Ruby Swirl Ribbon Sweet","Ruby Swirl Ribbon Sweet",869,20,0,0,0,61,1220
10501,"Alcremie Caramel Swirl Ribbon Sweet","Caramel Swirl Ribbon Sweet",869,20,0,0,0,62,1221
10502,"Alcremie Rainbow Swirl Ribbon Sweet","Rainbow Swirl Ribbon Sweet",869,20,0,0,0,63,1222
